Condition Name, Treatment Name, Condition Category, Citation URL, # Matches
abdominal adhesions, probiotics, Alternative Therapies, https://healthfully.com/1011994-alternative-medicine-ibs.html, 43
abdominal adhesions, hypnosis, Alternative Therapies, https://healthfully.com/1011994-alternative-medicine-ibs.html, 43
abdominal adhesions, treatment, Alternative Therapies, https://healthfully.com/1011994-alternative-medicine-ibs.html, 43
abdominal adhesions, acupuncture, Alternative Therapies, https://healthfully.com/1011994-alternative-medicine-ibs.html, 43
abdominal adhesions, lactobacillus, Alternative Therapies, https://healthfully.com/1011994-alternative-medicine-ibs.html, 43
abdominal adhesions, peppermint, Alternative Therapies, https://healthfully.com/1011994-alternative-medicine-ibs.html, 43
abdominal adhesions, yoga, Alternative Therapies, https://healthfully.com/1011994-alternative-medicine-ibs.html, 43
abdominal adhesions, lactase, Alternative Therapies, https://healthfully.com/1011994-alternative-medicine-ibs.html, 43
abdominal adhesions, meditation, Alternative Therapies, https://healthfully.com/1011994-alternative-medicine-ibs.html, 43
abdominal adhesions, aloe, Alternative Therapies, https://healthfully.com/1011994-alternative-medicine-ibs.html, 43
abdominal adhesions, avocado, Alternative Therapies, https://healthfully.com/1011994-alternative-medicine-ibs.html, 43
abdominal adhesions, saccharomyces boulardii, Alternative Therapies, https://healthfully.com/1011994-alternative-medicine-ibs.html, 43
abdominal adhesions, yogurt, Alternative Therapies, https://healthfully.com/1011994-alternative-medicine-ibs.html, 43
abdominal adhesions, tai chi, Alternative Therapies, https://healthfully.com/1011994-alternative-medicine-ibs.html, 43
abdominal adhesions, hypnotherapy, Alternative Therapies, https://healthfully.com/1011994-alternative-medicine-ibs.html, 43
