ID,Supplements,Category,,,,,,,,,,,,,
1,?apricot seed,Supplements,,,,,,,,,,,,,
2,?black seed,Supplements,,,,,,,,,,,,,
3,?calcium,Supplements,,,,,,,,,,,,,
4,?chinese herbs,Supplements,,,,,,,,,,,,,
5,?cordyceps (fungi),Supplements,,,,,,,,,,,,,
6,?evening primrose oil,Supplements,,,,,,,,,,,,,
7,?fish oil/omega 3,Supplements,,,,,,,,,,,,,
8,?gingkgo,Supplements,,,,,,,,,,,,,
9,?ginseng,Supplements,,,,,,,,,,,,,
10,?grape seed,Supplements,,,,,,,,,,,,,
11,?green tea,Supplements,,,,,,,,,,,,,
12,?lecithin,Supplements,,,,,,,,,,,,,
13,?lingzhi/mushroom,Supplements,,,,,,,,,,,,,
14,?mangosteen juice/extract,Supplements,,,,,,,,,,,,,
15,?monavie,Supplements,,,,,,,,,,,,,
16,?multivitamin,Supplements,,,,,,,,,,,,,
17,?pomegranate extract,Supplements,,,,,,,,,,,,,
18,?sabah snake grass,Supplements,,,,,,,,,,,,,
19,?soursoup leaf,Supplements,,,,,,,,,,,,,
20,?spirulina,Supplements,,,,,,,,,,,,,
21,?virgin coconut oil,Supplements,,,,,,,,,,,,,
22,?vitamin a,Supplements,,,,,,,,,,,,,
23,?vitamin c,Supplements,,,,,,,,,,,,,
24,?zinc,Supplements,,,,,,,,,,,,,
25,abscess root,Supplements,,,,,,,,,,,,,
26,abuta,Supplements,,,,,,,,,,,,,
27,acacia,Supplements,,,,,,,,,,,,,
28,acai,Supplements,,,,,,,,,,,,,
29,acerola,Supplements,,,,,,,,,,,,,
30,acetylcarnitine,Supplements,,,,,,,,,,,,,
31,acetyl-l-carnitine,Supplements,,,,,,,,,,,,,
32,ackee,Supplements,,,,,,,,,,,,,
33,aconite,Supplements,,,,,,,,,,,,,
34,activated charcoal,Supplements,,,,,,,,,,,,,
35,adenosine,Supplements,,,,,,,,,,,,,
36,adrenal extract,Supplements,,,,,,,,,,,,,
37,adrue,Supplements,,,,,,,,,,,,,
38,african wild potato,Supplements,,,,,,,,,,,,,
39,aga,Supplements,,,,,,,,,,,,,
40,agar,Supplements,,,,,,,,,,,,,
41,agaricus mushroom,Supplements,,,,,,,,,,,,,
42,agrimony,Supplements,,,,,,,,,,,,,
43,ahcc,Supplements,,,,,,,,,,,,,
44,ajuga nipponensis,Supplements,,,,,,,,,,,,,
45,alanine,Supplements,,,,,,,,,,,,,
46,alchemilla,Supplements,,,,,,,,,,,,,
47,alder buckthorn,Supplements,,,,,,,,,,,,,
48,aletris,Supplements,,,,,,,,,,,,,
49,alfalfa,Supplements,,,,,,,,,,,,,
50,algin,Supplements,,,,,,,,,,,,,
51,alkanna,Supplements,,,,,,,,,,,,,
52,allspice,Supplements,,,,,,,,,,,,,
53,aloe,Supplements,,,,,,,,,,,,,
54,alpha hydroxy acids,Supplements,,,,,,,,,,,,,
55,alpha-gpc,Supplements,,,,,,,,,,,,,
56,alpha-gpc,Supplements,,,,,,,,,,,,,
57,alpha-ketoglutarate,Supplements,,,,,,,,,,,,,
58,alpha-linolenic acid,Supplements,,,,,,,,,,,,,
59,alpha-lipoic acid,Supplements,,,,,,,,,,,,,
60,alpine cranberry,Supplements,,,,,,,,,,,,,
61,alpine lady's mantle,Supplements,,,,,,,,,,,,,
62,alpine ragwort,Supplements,,,,,,,,,,,,,
63,alpinia,Supplements,,,,,,,,,,,,,
64,amaranth,Supplements,,,,,,,,,,,,,
65,ambrette,Supplements,,,,,,,,,,,,,
66,american adder's tongue,Supplements,,,,,,,,,,,,,
67,american bittersweet,Supplements,,,,,,,,,,,,,
68,american chestnut,Supplements,,,,,,,,,,,,,
69,american dogwood,Supplements,,,,,,,,,,,,,
70,american elder,Supplements,,,,,,,,,,,,,
71,american hellebore,Supplements,,,,,,,,,,,,,
72,american ivy,Supplements,,,,,,,,,,,,,
73,american mistletoe,Supplements,,,,,,,,,,,,,
74,american pawpaw,Supplements,,,,,,,,,,,,,
75,american spikenard,Supplements,,,,,,,,,,,,,
76,american white pond lily,Supplements,,,,,,,,,,,,,
77,andiroba,Supplements,,,,,,,,,,,,,
78,andrachne,Supplements,,,,,,,,,,,,,
79,andrographis,Supplements,,,,,,,,,,,,,
80,androstenediol,Supplements,,,,,,,,,,,,,
81,androstenedione,Supplements,,,,,,,,,,,,,
82,androstenetrione,Supplements,,,,,,,,,,,,,
83,angelica,Supplements,,,,,,,,,,,,,
84,angel's trumpet,Supplements,,,,,,,,,,,,,
85,angostura,Supplements,,,,,,,,,,,,,
86,anise,Supplements,,,,,,,,,,,,,
87,annatto,Supplements,,,,,,,,,,,,,
88,apple,Supplements,,,,,,,,,,,,,
89,apple cider vinegar,Supplements,,,,,,,,,,,,,
90,apricot,Supplements,,,,,,,,,,,,,
91,apricot kernel,Supplements,,,,,,,,,,,,,
92,areca,Supplements,,,,,,,,,,,,,
93,arenaria rubra,Supplements,,,,,,,,,,,,,
94,aristolochia,Supplements,,,,,,,,,,,,,
95,arnica,Supplements,,,,,,,,,,,,,
96,arrach,Supplements,,,,,,,,,,,,,
97,arrowroot,Supplements,,,,,,,,,,,,,
98,arsenic,Supplements,,,,,,,,,,,,,
99,artemisia herba-alba,Supplements,,,,,,,,,,,,,
100,artichoke,Supplements,,,,,,,,,,,,,
101,arum,Supplements,,,,,,,,,,,,,
102,asafoetida,Supplements,,,,,,,,,,,,,
103,asarabacca,Supplements,,,,,,,,,,,,,
104,ascorbigen,Supplements,,,,,,,,,,,,,
105,ash,Supplements,,,,,,,,,,,,,
106,ashitaba,Supplements,,,,,,,,,,,,,
107,ashwagandha,Supplements,,,,,,,,,,,,,
108,asparagus,Supplements,,,,,,,,,,,,,
109,asparagus racemosus,Supplements,,,,,,,,,,,,,
110,aspartates,Supplements,,,,,,,,,,,,,
111,aspen,Supplements,,,,,,,,,,,,,
112,astaxanthin,Supplements,,,,,,,,,,,,,
113,astragalus,Supplements,,,,,,,,,,,,,
114,atlantic cedar,Supplements,,,,,,,,,,,,,
115,atractylodes,Supplements,,,,,,,,,,,,,
116,autumn crocus,Supplements,,,,,,,,,,,,,
117,avens,Supplements,,,,,,,,,,,,,
118,avocado,Supplements,,,,,,,,,,,,,
119,avocado sugar extract,Supplements,,,,,,,,,,,,,
120,ba ji tian,Supplements,,,,,,,,,,,,,
121,bacillus coagulans,Supplements,,,,,,,,,,,,,
122,bael,Supplements,,,,,,,,,,,,,
123,baikal skullcap,Supplements,,,,,,,,,,,,,
124,bamboo,Supplements,,,,,,,,,,,,,
125,banaba,Supplements,,,,,,,,,,,,,
126,barley,Supplements,,,,,,,,,,,,,
127,basil,Supplements,,,,,,,,,,,,,
128,bayberry,Supplements,,,,,,,,,,,,,
129,bean pod,Supplements,,,,,,,,,,,,,
130,bear's garlic,Supplements,,,,,,,,,,,,,
131,bee pollen,Supplements,,,,,,,,,,,,,
132,bee pollen,Supplements,,,,,,,,,,,,,
133,bee venom,Supplements,,,,,,,,,,,,,
134,beer,Supplements,,,,,,,,,,,,,
135,beeswax,Supplements,,,,,,,,,,,,,
136,beet,Supplements,,,,,,,,,,,,,
137,belladonna,Supplements,,,,,,,,,,,,,
138,benzoin,Supplements,,,,,,,,,,,,,
139,berberine,Supplements,,,,,,,,,,,,,
140,bergamot oil,Supplements,,,,,,,,,,,,,
141,beta glucans,Supplements,,,,,,,,,,,,,
142,beta-alanine,Supplements,,,,,,,,,,,,,
143,beta-carotene,Supplements,,,,,,,,,,,,,
144,betaine anhydrous,Supplements,,,,,,,,,,,,,
145,betaine hydrochloride,Supplements,,,,,,,,,,,,,
146,beta-sitosterol,Supplements,,,,,,,,,,,,,
147,beth root,Supplements,,,,,,,,,,,,,
148,betony,Supplements,,,,,,,,,,,,,
149,bht (butylated hydroxytoluene),Supplements,,,,,,,,,,,,,
150,bifidobacteria,Supplements,,,,,,,,,,,,,
151,bilberry,Supplements,,,,,,,,,,,,,
152,biofeedback,Supplements,,,,,,,,,,,,,
153,biotin,Supplements,,,,,,,,,,,,,
154,birch,Supplements,,,,,,,,,,,,,
155,bishop's weed,Supplements,,,,,,,,,,,,,
156,bistort,Supplements,,,,,,,,,,,,,
157,bitter almond,Supplements,,,,,,,,,,,,,
158,bitter melon,Supplements,,,,,,,,,,,,,
159,bitter milkwort,Supplements,,,,,,,,,,,,,
160,bitter orange,Supplements,,,,,,,,,,,,,
161,bitter yam,Supplements,,,,,,,,,,,,,
162,bittersweet nightshade,Supplements,,,,,,,,,,,,,
163,black alder,Supplements,,,,,,,,,,,,,
164,black bryony,Supplements,,,,,,,,,,,,,
165,black cohosh,Supplements,,,,,,,,,,,,,
166,black currant,Supplements,,,,,,,,,,,,,
167,black haw,Supplements,,,,,,,,,,,,,
168,black hellebore,Supplements,,,,,,,,,,,,,
169,black horehound,Supplements,,,,,,,,,,,,,
170,black mulberry,Supplements,,,,,,,,,,,,,
171,black mustard,Supplements,,,,,,,,,,,,,
172,black nightshade,Supplements,,,,,,,,,,,,,
173,black pepper and white pepper,Supplements,,,,,,,,,,,,,
174,black psyllium,Supplements,,,,,,,,,,,,,
175,black raspberry,Supplements,,,,,,,,,,,,,
176,black root,Supplements,,,,,,,,,,,,,
177,black seed,Supplements,,,,,,,,,,,,,
178,black tea,Supplements,,,,,,,,,,,,,
179,black walnut,Supplements,,,,,,,,,,,,,
180,blackberry,Supplements,,,,,,,,,,,,,
181,blackthorn,Supplements,,,,,,,,,,,,,
182,bladderwort,Supplements,,,,,,,,,,,,,
183,bladderwrack,Supplements,,,,,,,,,,,,,
184,blessed thistle,Supplements,,,,,,,,,,,,,
185,blond psyllium,Supplements,,,,,,,,,,,,,
186,bloodroot,Supplements,,,,,,,,,,,,,
187,blue cohosh,Supplements,,,,,,,,,,,,,
188,blue flag,Supplements,,,,,,,,,,,,,
189,blueberry,Supplements,,,,,,,,,,,,,
190,blue-green algae,Supplements,,,,,,,,,,,,,
191,bog bilberry,Supplements,,,,,,,,,,,,,
192,bogbean,Supplements,,,,,,,,,,,,,
193,bois de rose oil,Supplements,,,,,,,,,,,,,
194,boldo,Supplements,,,,,,,,,,,,,
195,boneset,Supplements,,,,,,,,,,,,,
196,borage,Supplements,,,,,,,,,,,,,
197,boron,Supplements,,,,,,,,,,,,,
198,bovine cartilage,Supplements,,,,,,,,,,,,,
199,boxwood,Supplements,,,,,,,,,,,,,
200,brahmi,Supplements,,,,,,,,,,,,,
201,branched chain amino acids,Supplements,,,,,,,,,,,,,
202,branched-chain amino acids,Supplements,,,,,,,,,,,,,
203,brewer's yeast,Supplements,,,,,,,,,,,,,
204,brickellia,Supplements,,,,,,,,,,,,,
205,broccoli,Supplements,,,,,,,,,,,,,
206,bromelain,Supplements,,,,,,,,,,,,,
207,brooklime,Supplements,,,,,,,,,,,,,
208,broom corn,Supplements,,,,,,,,,,,,,
209,brown rice,Supplements,,,,,,,,,,,,,
210,bryonia,Supplements,,,,,,,,,,,,,
211,buchu,Supplements,,,,,,,,,,,,,
212,buckhorn plantain,Supplements,,,,,,,,,,,,,
213,buckwheat,Supplements,,,,,,,,,,,,,
214,bugle,Supplements,,,,,,,,,,,,,
215,bugleweed,Supplements,,,,,,,,,,,,,
216,bulbous buttercup,Supplements,,,,,,,,,,,,,
217,bupleurum,Supplements,,,,,,,,,,,,,
218,burdock,Supplements,,,,,,,,,,,,,
219,burning bush,Supplements,,,,,,,,,,,,,
220,burr marigold,Supplements,,,,,,,,,,,,,
221,butanediol (bd),Supplements,,,,,,,,,,,,,
222,butcher's broom,Supplements,,,,,,,,,,,,,
223,butea superba,Supplements,,,,,,,,,,,,,
224,butterbur,Supplements,,,,,,,,,,,,,
225,buttercup,Supplements,,,,,,,,,,,,,
226,butternut,Supplements,,,,,,,,,,,,,
227,cabbage,Supplements,,,,,,,,,,,,,
228,cade,Supplements,,,,,,,,,,,,,
229,caffeine,Supplements,,,,,,,,,,,,,
230,cajeput oil,Supplements,,,,,,,,,,,,,
231,calabar bean,Supplements,,,,,,,,,,,,,
232,calamint,Supplements,,,,,,,,,,,,,
233,calamus,Supplements,,,,,,,,,,,,,
234,calcium,Supplements,,,,,,,,,,,,,
235,calcium,Supplements,,,,,,,,,,,,,
236,calcium d-glucarate,Supplements,,,,,,,,,,,,,
237,calendula,Supplements,,,,,,,,,,,,,
238,california poppy,Supplements,,,,,,,,,,,,,
239,calotropis,Supplements,,,,,,,,,,,,,
240,camphor,Supplements,,,,,,,,,,,,,
241,camu camu,Supplements,,,,,,,,,,,,,
242,canada balsam,Supplements,,,,,,,,,,,,,
243,canadian fleabane,Supplements,,,,,,,,,,,,,
244,canadian hemp,Supplements,,,,,,,,,,,,,
245,canaigre,Supplements,,,,,,,,,,,,,
246,cananga oil,Supplements,,,,,,,,,,,,,
247,canella,Supplements,,,,,,,,,,,,,
248,cannabis,Supplements,,,,,,,,,,,,,
249,canthaxanthin,Supplements,,,,,,,,,,,,,
250,capers,Supplements,,,,,,,,,,,,,
251,capsicum,Supplements,,,,,,,,,,,,,
252,caralluma,Supplements,,,,,,,,,,,,,
253,caraway,Supplements,,,,,,,,,,,,,
254,cardamom,Supplements,,,,,,,,,,,,,
255,carlina,Supplements,,,,,,,,,,,,,
256,carnosine,Supplements,,,,,,,,,,,,,
257,carob,Supplements,,,,,,,,,,,,,
258,carqueja,Supplements,,,,,,,,,,,,,
259,carrageenan,Supplements,,,,,,,,,,,,,
260,cascara,Supplements,,,,,,,,,,,,,
261,cascarilla,Supplements,,,,,,,,,,,,,
262,casein peptides,Supplements,,,,,,,,,,,,,
263,cashew,Supplements,,,,,,,,,,,,,
264,cassia auriculata,Supplements,,,,,,,,,,,,,
265,cassia cinnamon,Supplements,,,,,,,,,,,,,
266,cassia cinnamon,Supplements,,,,,,,,,,,,,
267,cassia cinnamon,Supplements,,,,,,,,,,,,,
268,cassie absolute,Supplements,,,,,,,,,,,,,
269,castor,Supplements,,,,,,,,,,,,,
270,castoreum,Supplements,,,,,,,,,,,,,
271,catechu,Supplements,,,,,,,,,,,,,
272,catnip,Supplements,,,,,,,,,,,,,
273,cat's claw,Supplements,,,,,,,,,,,,,
274,cat's foot,Supplements,,,,,,,,,,,,,
275,catuaba,Supplements,,,,,,,,,,,,,
276,celery,Supplements,,,,,,,,,,,,,
277,centaury,Supplements,,,,,,,,,,,,,
278,cereus,Supplements,,,,,,,,,,,,,
279,cesium,Supplements,,,,,,,,,,,,,
280,cetylated fatty acids,Supplements,,,,,,,,,,,,,
281,cha de bugre,Supplements,,,,,,,,,,,,,
282,chago mushroom tea,Supplements,,,,,,,,,,,,,
283,chamomile,Supplements,,,,,,,,,,,,,
284,chanca piedra,Supplements,,,,,,,,,,,,,
285,chaparral,Supplements,,,,,,,,,,,,,
286,chasteberry,Supplements,,,,,,,,,,,,,
287,chaulmoogra,Supplements,,,,,,,,,,,,,
288,cheken,Supplements,,,,,,,,,,,,,
289,chelated minerals,Supplements,,,,,,,,,,,,,
290,chenopodium oil,Supplements,,,,,,,,,,,,,
291,cherokee rosehip,Supplements,,,,,,,,,,,,,
292,cherry laurel water,Supplements,,,,,,,,,,,,,
293,chervil,Supplements,,,,,,,,,,,,,
294,chia,Supplements,,,,,,,,,,,,,
295,chicken collagen,Supplements,,,,,,,,,,,,,
296,chickweed,Supplements,,,,,,,,,,,,,
297,chicory,Supplements,,,,,,,,,,,,,
298,chinese club moss,Supplements,,,,,,,,,,,,,
299,chinese cucumber,Supplements,,,,,,,,,,,,,
300,chinese mallow,Supplements,,,,,,,,,,,,,
301,chinese prickly ash,Supplements,,,,,,,,,,,,,
302,chirata,Supplements,,,,,,,,,,,,,
303,chitosan,Supplements,,,,,,,,,,,,,
304,chive,Supplements,,,,,,,,,,,,,
305,chlorella,Supplements,,,,,,,,,,,,,
306,chlorophyll,Supplements,,,,,,,,,,,,,
307,chlorophyllin,Supplements,,,,,,,,,,,,,
308,choline,Supplements,,,,,,,,,,,,,
309,chondroitin sulfate,Supplements,,,,,,,,,,,,,
310,chondroitin sulfate,Supplements,,,,,,,,,,,,,
311,chromium,Supplements,,,,,,,,,,,,,
312,chromium,Supplements,,,,,,,,,,,,,
313,chrysanthemum,Supplements,,,,,,,,,,,,,
314,chrysin,Supplements,,,,,,,,,,,,,
315,chymotrypsin,Supplements,,,,,,,,,,,,,
316,ciguatera,Supplements,,,,,,,,,,,,,
317,cinchona,Supplements,,,,,,,,,,,,,
318,cinnamon bark,Supplements,,,,,,,,,,,,,
319,cissus quadrangularis,Supplements,,,,,,,,,,,,,
320,citicoline,Supplements,,,,,,,,,,,,,
321,citronella oil,Supplements,,,,,,,,,,,,,
322,civet,Supplements,,,,,,,,,,,,,
323,clary sage,Supplements,,,,,,,,,,,,,
324,clematis,Supplements,,,,,,,,,,,,,
325,clivers,Supplements,,,,,,,,,,,,,
326,clove,Supplements,,,,,,,,,,,,,
327,clown's mustard plant,Supplements,,,,,,,,,,,,,
328,club moss,Supplements,,,,,,,,,,,,,
329,cnidium,Supplements,,,,,,,,,,,,,
330,coca,Supplements,,,,,,,,,,,,,
331,cocillana,Supplements,,,,,,,,,,,,,
332,cocoa,Supplements,,,,,,,,,,,,,
333,coconut oil,Supplements,,,,,,,,,,,,,
334,cod liver oil,Supplements,,,,,,,,,,,,,
335,cod liver oil,Supplements,,,,,,,,,,,,,
336,codonopsis,Supplements,,,,,,,,,,,,,
337,coenzyme q-10,Supplements,,,,,,,,,,,,,
338,coenzyme q-10,Supplements,,,,,,,,,,,,,
339,coffee,Supplements,,,,,,,,,,,,,
340,coffee charcoal,Supplements,,,,,,,,,,,,,
341,cola nut,Supplements,,,,,,,,,,,,,
342,colloidal minerals,Supplements,,,,,,,,,,,,,
343,colloidal silver,Supplements,,,,,,,,,,,,,
344,colocynth,Supplements,,,,,,,,,,,,,
345,colombo,Supplements,,,,,,,,,,,,,
346,colostrum,Supplements,,,,,,,,,,,,,
347,coltsfoot,Supplements,,,,,,,,,,,,,
348,columbine,Supplements,,,,,,,,,,,,,
349,comfrey,Supplements,,,,,,,,,,,,,
350,common stonecrop,Supplements,,,,,,,,,,,,,
351,condurango,Supplements,,,,,,,,,,,,,
352,conjugated linoleic acid,Supplements,,,,,,,,,,,,,
353,contrayerva,Supplements,,,,,,,,,,,,,
354,coolwort,Supplements,,,,,,,,,,,,,
355,copaiba balsam,Supplements,,,,,,,,,,,,,
356,copper,Supplements,,,,,,,,,,,,,
357,coral,Supplements,,,,,,,,,,,,,
358,coral root,Supplements,,,,,,,,,,,,,
359,cordyceps,Supplements,,,,,,,,,,,,,
360,coriander,Supplements,,,,,,,,,,,,,
361,coriolus mushroom,Supplements,,,,,,,,,,,,,
362,corkwood tree,Supplements,,,,,,,,,,,,,
363,corn cockle,Supplements,,,,,,,,,,,,,
364,corn poppy,Supplements,,,,,,,,,,,,,
365,corn silk,Supplements,,,,,,,,,,,,,
366,cornflower,Supplements,,,,,,,,,,,,,
367,corydalis,Supplements,,,,,,,,,,,,,
368,costus,Supplements,,,,,,,,,,,,,
369,cotton,Supplements,,,,,,,,,,,,,
370,country mallow,Supplements,,,,,,,,,,,,,
371,cowhage,Supplements,,,,,,,,,,,,,
372,cowslip,Supplements,,,,,,,,,,,,,
373,cramp bark,Supplements,,,,,,,,,,,,,
374,cranberry,Supplements,,,,,,,,,,,,,
375,cranberry,Supplements,,,,,,,,,,,,,
376,cranberry,Supplements,,,,,,,,,,,,,
377,creatine,Supplements,,,,,,,,,,,,,
378,creatine,Supplements,,,,,,,,,,,,,
379,croton seeds,Supplements,,,,,,,,,,,,,
380,cubebs,Supplements,,,,,,,,,,,,,
381,cudweed,Supplements,,,,,,,,,,,,,
382,cumin,Supplements,,,,,,,,,,,,,
383,cup plant,Supplements,,,,,,,,,,,,,
384,cupmoss,Supplements,,,,,,,,,,,,,
385,curcumin,Supplements,,,,,,,,,,,,,
386,cyclamen,Supplements,,,,,,,,,,,,,
387,cypress,Supplements,,,,,,,,,,,,,
388,cypress spurge,Supplements,,,,,,,,,,,,,
389,daffodil,Supplements,,,,,,,,,,,,,
390,damiana,Supplements,,,,,,,,,,,,,
391,dandelion,Supplements,,,,,,,,,,,,,
392,danshen,Supplements,,,,,,,,,,,,,
393,d-aspartic acid,Supplements,,,,,,,,,,,,,
394,date palm,Supplements,,,,,,,,,,,,,
395,deanol,Supplements,,,,,,,,,,,,,
396,deer velvet,Supplements,,,,,,,,,,,,,
397,deertongue,Supplements,,,,,,,,,,,,,
398,delphinium,Supplements,,,,,,,,,,,,,
399,devil's claw,Supplements,,,,,,,,,,,,,
400,devil's club,Supplements,,,,,,,,,,,,,
401,dha (docosahexaenoic acid),Supplements,,,,,,,,,,,,,
402,dhea,Supplements,,,,,,,,,,,,,
403,diacylglycerol,Supplements,,,,,,,,,,,,,
404,dibencozide,Supplements,,,,,,,,,,,,,
405,digitalis,Supplements,,,,,,,,,,,,,
406,diindolylmethane,Supplements,,,,,,,,,,,,,
407,diiodothyronine,Supplements,,,,,,,,,,,,,
408,dill,Supplements,,,,,,,,,,,,,
409,dimethylglycine,Supplements,,,,,,,,,,,,,
410,diosmin,Supplements,,,,,,,,,,,,,
411,divi-divi,Supplements,,,,,,,,,,,,,
412,diviner's sage,Supplements,,,,,,,,,,,,,
413,d-mannose,Supplements,,,,,,,,,,,,,
414,dmso (dimethylsulfoxide),Supplements,,,,,,,,,,,,,
415,dodder,Supplements,,,,,,,,,,,,,
416,dolomite,Supplements,,,,,,,,,,,,,
417,dong quai,Supplements,,,,,,,,,,,,,
418,dragon's blood,Supplements,,,,,,,,,,,,,
419,drumstick tree,Supplements,,,,,,,,,,,,,
420,duckweed,Supplements,,,,,,,,,,,,,
421,dusty miller,Supplements,,,,,,,,,,,,,
422,dwarf elder,Supplements,,,,,,,,,,,,,
423,dwarf pine needle,Supplements,,,,,,,,,,,,,
424,dyer's broom,Supplements,,,,,,,,,,,,,
425,eastern red cedar,Supplements,,,,,,,,,,,,,
426,ecdysterone,Supplements,,,,,,,,,,,,,
427,echinacea,Supplements,,,,,,,,,,,,,
428,echinacea,Supplements,,,,,,,,,,,,,
429,echinacea,Supplements,,,,,,,,,,,,,
430,edta,Supplements,,,,,,,,,,,,,
431,elderberry,Supplements,,,,,,,,,,,,,
432,elderflower,Supplements,,,,,,,,,,,,,
433,elecampane,Supplements,,,,,,,,,,,,,
434,elemi,Supplements,,,,,,,,,,,,,
435,ellagic acid,Supplements,,,,,,,,,,,,,
436,elm bark,Supplements,,,,,,,,,,,,,
437,emu oil,Supplements,,,,,,,,,,,,,
438,english adder's tongue,Supplements,,,,,,,,,,,,,
439,english horsemint,Supplements,,,,,,,,,,,,,
440,english ivy,Supplements,,,,,,,,,,,,,
441,english walnut,Supplements,,,,,,,,,,,,,
442,epa (eicosapentaenoic acid),Supplements,,,,,,,,,,,,,
443,ephedra,Supplements,,,,,,,,,,,,,
444,ephedra,Supplements,,,,,,,,,,,,,
445,epimedium,Supplements,,,,,,,,,,,,,
446,ergot,Supplements,,,,,,,,,,,,,
447,ergothioneine,Supplements,,,,,,,,,,,,,
448,eryngo,Supplements,,,,,,,,,,,,,
449,essential fatty acid,Supplements,,,,,,,,,,,,,
450,essiac,Supplements,,,,,,,,,,,,,
451,eucalyptus,Supplements,,,,,,,,,,,,,
452,euphorbia,Supplements,,,,,,,,,,,,,
453,european barberry,Supplements,,,,,,,,,,,,,
454,european buckthorn,Supplements,,,,,,,,,,,,,
455,european chestnut,Supplements,,,,,,,,,,,,,
456,european five-finger grass,Supplements,,,,,,,,,,,,,
457,european mandrake,Supplements,,,,,,,,,,,,,
458,european mistletoe,Supplements,,,,,,,,,,,,,
459,eurycoma longifolia,Supplements,,,,,,,,,,,,,
460,evening primrose oil,Supplements,,,,,,,,,,,,,
461,evodia,Supplements,,,,,,,,,,,,,
462,eyebright,Supplements,,,,,,,,,,,,,
463,fadogia agrestis,Supplements,,,,,,,,,,,,,
464,false unicorn,Supplements,,,,,,,,,,,,,
465,fennel,Supplements,,,,,,,,,,,,,
466,fenugreek,Supplements,,,,,,,,,,,,,
467,fever bark,Supplements,,,,,,,,,,,,,
468,feverfew,Supplements,,,,,,,,,,,,,
469,ficin,Supplements,,,,,,,,,,,,,
470,field scabious,Supplements,,,,,,,,,,,,,
471,fig,Supplements,,,,,,,,,,,,,
472,figwort,Supplements,,,,,,,,,,,,,
473,fir,Supplements,,,,,,,,,,,,,
474,fireweed,Supplements,,,,,,,,,,,,,
475,fish oil,Supplements,,,,,,,,,,,,,
476,fish oil,Supplements,,,,,,,,,,,,,
477,fish oil,Supplements,,,,,,,,,,,,,
478,flax seed,Supplements,,,,,,,,,,,,,
479,flaxseed,Supplements,,,,,,,,,,,,,
480,flaxseed oil,Supplements,,,,,,,,,,,,,
481,flaxseed oil,Supplements,,,,,,,,,,,,,
482,fluoride,Supplements,,,,,,,,,,,,,
483,folic acid,Supplements,,,,,,,,,,,,,
484,fool's parsley,Supplements,,,,,,,,,,,,,
485,forget-me-not,Supplements,,,,,,,,,,,,,
486,forskolin,Supplements,,,,,,,,,,,,,
487,forsythia,Supplements,,,,,,,,,,,,,
488,fo-ti,Supplements,,,,,,,,,,,,,
489,frankincense,Supplements,,,,,,,,,,,,,
490,fringetree,Supplements,,,,,,,,,,,,,
491,frostwort,Supplements,,,,,,,,,,,,,
492,fructo-oligosaccharides,Supplements,,,,,,,,,,,,,
493,fumitory,Supplements,,,,,,,,,,,,,
494,gaba (gamma-aminobutyric acid),Supplements,,,,,,,,,,,,,
495,galbanum,Supplements,,,,,,,,,,,,,
496,gamboge,Supplements,,,,,,,,,,,,,
497,gamma butyrolactone (gbl),Supplements,,,,,,,,,,,,,
498,gamma linolenic acid,Supplements,,,,,,,,,,,,,
499,gamma oryzanol,Supplements,,,,,,,,,,,,,
500,gamma-hydroxybutyrate (ghb),Supplements,,,,,,,,,,,,,
501,garcinia,Supplements,,,,,,,,,,,,,
502,garden cress,Supplements,,,,,,,,,,,,,
503,garlic,Supplements,,,,,,,,,,,,,
504,garlic,Supplements,,,,,,,,,,,,,
505,garlic,Supplements,,,,,,,,,,,,,
506,gelatin,Supplements,,,,,,,,,,,,,
507,gelsemium,Supplements,,,,,,,,,,,,,
508,genistein combined polysaccharide,Supplements,,,,,,,,,,,,,
509,gentian,Supplements,,,,,,,,,,,,,
510,german chamomile,Supplements,,,,,,,,,,,,,
511,german ipecac,Supplements,,,,,,,,,,,,,
512,german sarsaparilla,Supplements,,,,,,,,,,,,,
513,germander,Supplements,,,,,,,,,,,,,
514,germanium,Supplements,,,,,,,,,,,,,
515,ginger,Supplements,,,,,,,,,,,,,
516,ginger,Supplements,,,,,,,,,,,,,
517,ginkgo,Supplements,,,,,,,,,,,,,
518,ginseng,Supplements,,,,,,,,,,,,,
519,ginseng,Supplements,,,,,,,,,,,,,
520,"ginseng, american",Supplements,,,,,,,,,,,,,
521,"ginseng, panax",Supplements,,,,,,,,,,,,,
522,"ginseng, siberian",Supplements,,,,,,,,,,,,,
523,globe flower,Supplements,,,,,,,,,,,,,
524,glossy privet,Supplements,,,,,,,,,,,,,
525,glucomannan,Supplements,,,,,,,,,,,,,
526,glucosamine,Supplements,,,,,,,,,,,,,
527,glucosamine hydrochloride,Supplements,,,,,,,,,,,,,
528,glucosamine sulfate,Supplements,,,,,,,,,,,,,
529,glutamine,Supplements,,,,,,,,,,,,,
530,glutathione,Supplements,,,,,,,,,,,,,
531,glycerol,Supplements,,,,,,,,,,,,,
532,glycine,Supplements,,,,,,,,,,,,,
533,goa powder,Supplements,,,,,,,,,,,,,
534,goat's rue,Supplements,,,,,,,,,,,,,
535,golden ragwort,Supplements,,,,,,,,,,,,,
536,goldenrod,Supplements,,,,,,,,,,,,,
537,goldenseal,Supplements,,,,,,,,,,,,,
538,goldthread,Supplements,,,,,,,,,,,,,
539,gossypol,Supplements,,,,,,,,,,,,,
540,gotu kola,Supplements,,,,,,,,,,,,,
541,goutweed,Supplements,,,,,,,,,,,,,
542,grains of paradise,Supplements,,,,,,,,,,,,,
543,grape,Supplements,,,,,,,,,,,,,
544,grape seed extract,Supplements,,,,,,,,,,,,,
545,grapefruit,Supplements,,,,,,,,,,,,,
546,gravel root,Supplements,,,,,,,,,,,,,
547,graviola,Supplements,,,,,,,,,,,,,
548,great plantain,Supplements,,,,,,,,,,,,,
549,greater bindweed,Supplements,,,,,,,,,,,,,
550,greater burnet,Supplements,,,,,,,,,,,,,
551,greater celandine,Supplements,,,,,,,,,,,,,
552,greek sage,Supplements,,,,,,,,,,,,,
553,green tea,Supplements,,,,,,,,,,,,,
554,green tea,Supplements,,,,,,,,,,,,,
555,green teacatechins / egcg,Supplements,,,,,,,,,,,,,
556,ground flax seed,Supplements,,,,,,,,,,,,,
557,ground ivy,Supplements,,,,,,,,,,,,,
558,ground pine,Supplements,,,,,,,,,,,,,
559,groundsel,Supplements,,,,,,,,,,,,,
560,"guaiac wood resin, wood",Supplements,,,,,,,,,,,,,
561,guar gum,Supplements,,,,,,,,,,,,,
562,guarana,Supplements,,,,,,,,,,,,,
563,guava,Supplements,,,,,,,,,,,,,
564,guggul,Supplements,,,,,,,,,,,,,
565,gumweed,Supplements,,,,,,,,,,,,,
566,gymnema,Supplements,,,,,,,,,,,,,
567,haronga,Supplements,,,,,,,,,,,,,
568,hartstongue,Supplements,,,,,,,,,,,,,
569,hawaiian baby woodrose,Supplements,,,,,,,,,,,,,
570,hawthorn,Supplements,,,,,,,,,,,,,
571,hazelnut,Supplements,,,,,,,,,,,,,
572,heart's ease,Supplements,,,,,,,,,,,,,
573,heather,Supplements,,,,,,,,,,,,,
574,hedge mustard,Supplements,,,,,,,,,,,,,
575,hedge-hyssop,Supplements,,,,,,,,,,,,,
576,hemlock,Supplements,,,,,,,,,,,,,
577,hemlock spruce,Supplements,,,,,,,,,,,,,
578,hemlock water dropwort,Supplements,,,,,,,,,,,,,
579,hemp agrimony,Supplements,,,,,,,,,,,,,
580,hempnettle,Supplements,,,,,,,,,,,,,
581,henbane,Supplements,,,,,,,,,,,,,
582,henna,Supplements,,,,,,,,,,,,,
583,herb paris,Supplements,,,,,,,,,,,,,
584,herb robert,Supplements,,,,,,,,,,,,,
585,herbs and botanicals,Supplements,,,,,,,,,,,,,
586,hesperidin,Supplements,,,,,,,,,,,,,
587,hibiscus,Supplements,,,,,,,,,,,,,
588,histidine,Supplements,,,,,,,,,,,,,
589,holly,Supplements,,,,,,,,,,,,,
590,hollyhock,Supplements,,,,,,,,,,,,,
591,holy basil,Supplements,,,,,,,,,,,,,
592,honey,Supplements,,,,,,,,,,,,,
593,honeysuckle,Supplements,,,,,,,,,,,,,
594,hoodia,Supplements,,,,,,,,,,,,,
595,hops,Supplements,,,,,,,,,,,,,
596,horse chestnut,Supplements,,,,,,,,,,,,,
597,horsemint,Supplements,,,,,,,,,,,,,
598,horseradish,Supplements,,,,,,,,,,,,,
599,horsetail,Supplements,,,,,,,,,,,,,
600,hound's tongue,Supplements,,,,,,,,,,,,,
601,houseleek,Supplements,,,,,,,,,,,,,
602,hu zhang,Supplements,,,,,,,,,,,,,
603,humic acid,Supplements,,,,,,,,,,,,,
604,huperzine a,Supplements,,,,,,,,,,,,,
605,hyaluronic acid,Supplements,,,,,,,,,,,,,
606,hydrangea,Supplements,,,,,,,,,,,,,
607,hydrazine sulfate,Supplements,,,,,,,,,,,,,
608,hydroxymethylbutyrate (hmb),Supplements,,,,,,,,,,,,,
609,hyperimmune egg,Supplements,,,,,,,,,,,,,
610,hyssop,Supplements,,,,,,,,,,,,,
611,iboga,Supplements,,,,,,,,,,,,,
612,iceland moss,Supplements,,,,,,,,,,,,,
613,idebenone,Supplements,,,,,,,,,,,,,
614,ignatius bean,Supplements,,,,,,,,,,,,,
615,immortelle,Supplements,,,,,,,,,,,,,
616,indian frankincense,Supplements,,,,,,,,,,,,,
617,indian gooseberry,Supplements,,,,,,,,,,,,,
618,indian long pepper,Supplements,,,,,,,,,,,,,
619,indian physic,Supplements,,,,,,,,,,,,,
620,indian snakeroot,Supplements,,,,,,,,,,,,,
621,indium,Supplements,,,,,,,,,,,,,
622,indole-3-carbinol,Supplements,,,,,,,,,,,,,
623,inosine,Supplements,,,,,,,,,,,,,
624,inositol,Supplements,,,,,,,,,,,,,
625,inositol nicotinate,Supplements,,,,,,,,,,,,,
626,inulin,Supplements,,,,,,,,,,,,,
627,iodine,Supplements,,,,,,,,,,,,,
628,ip-6,Supplements,,,,,,,,,,,,,
629,ipecac,Supplements,,,,,,,,,,,,,
630,iporuru,Supplements,,,,,,,,,,,,,
631,ipriflavone,Supplements,,,,,,,,,,,,,
632,iron,Supplements,,,,,,,,,,,,,
633,isatis,Supplements,,,,,,,,,,,,,
634,ivy gourd,Supplements,,,,,,,,,,,,,
635,jaborandi,Supplements,,,,,,,,,,,,,
636,jacob's ladder,Supplements,,,,,,,,,,,,,
637,jalap,Supplements,,,,,,,,,,,,,
638,jamaican dogwood,Supplements,,,,,,,,,,,,,
639,jambolan,Supplements,,,,,,,,,,,,,
640,japanese apricot,Supplements,,,,,,,,,,,,,
641,japanese mint,Supplements,,,,,,,,,,,,,
642,japanese persimmon,Supplements,,,,,,,,,,,,,
643,jasmine,Supplements,,,,,,,,,,,,,
644,java tea,Supplements,,,,,,,,,,,,,
645,javanese turmeric,Supplements,,,,,,,,,,,,,
646,jewelweed,Supplements,,,,,,,,,,,,,
647,jiaogulan,Supplements,,,,,,,,,,,,,
648,jimson weed,Supplements,,,,,,,,,,,,,
649,job's tears,Supplements,,,,,,,,,,,,,
650,jojoba,Supplements,,,,,,,,,,,,,
651,jujube,Supplements,,,,,,,,,,,,,
652,juniper,Supplements,,,,,,,,,,,,,
653,kamala,Supplements,,,,,,,,,,,,,
654,kaolin,Supplements,,,,,,,,,,,,,
655,karaya gum,Supplements,,,,,,,,,,,,,
656,kava,Supplements,,,,,,,,,,,,,
657,kefir,Supplements,,,,,,,,,,,,,
658,khat,Supplements,,,,,,,,,,,,,
659,khella,Supplements,,,,,,,,,,,,,
660,kinetin,Supplements,,,,,,,,,,,,,
661,kiwi,Supplements,,,,,,,,,,,,,
662,knotweed,Supplements,,,,,,,,,,,,,
663,kombucha tea,Supplements,,,,,,,,,,,,,
664,kousso,Supplements,,,,,,,,,,,,,
665,krill oil,Supplements,,,,,,,,,,,,,
666,kudzu,Supplements,,,,,,,,,,,,,
667,labdanum,Supplements,,,,,,,,,,,,,
668,labrador tea,Supplements,,,,,,,,,,,,,
669,laburnum,Supplements,,,,,,,,,,,,,
670,lactase,Supplements,,,,,,,,,,,,,
671,lactobacillus,Supplements,,,,,,,,,,,,,
672,lactoferrin,Supplements,,,,,,,,,,,,,
673,lady fern,Supplements,,,,,,,,,,,,,
674,lady's bedstraw,Supplements,,,,,,,,,,,,,
675,laetrile/amygdalin,Supplements,,,,,,,,,,,,,
676,laminaria,Supplements,,,,,,,,,,,,,
677,larch arabinogalactan,Supplements,,,,,,,,,,,,,
678,larch turpentine,Supplements,,,,,,,,,,,,,
679,l-arginine,Supplements,,,,,,,,,,,,,
680,lathyrus,Supplements,,,,,,,,,,,,,
681,laurelwood,Supplements,,,,,,,,,,,,,
682,lauric acid,Supplements,,,,,,,,,,,,,
683,lavender,Supplements,,,,,,,,,,,,,
684,lavender cotton,Supplements,,,,,,,,,,,,,
685,l-carnitine,Supplements,,,,,,,,,,,,,
686,l-carnitine & alcar,Supplements,,,,,,,,,,,,,
687,lecithin,Supplements,,,,,,,,,,,,,
688,lemon,Supplements,,,,,,,,,,,,,
689,lemon balm,Supplements,,,,,,,,,,,,,
690,lemon eucalyptus,Supplements,,,,,,,,,,,,,
691,lemon verbena,Supplements,,,,,,,,,,,,,
692,lemongrass,Supplements,,,,,,,,,,,,,
693,lentinan,Supplements,,,,,,,,,,,,,
694,lesser celandine,Supplements,,,,,,,,,,,,,
695,levant berry,Supplements,,,,,,,,,,,,,
696,licorice,Supplements,,,,,,,,,,,,,
697,lily-of-the-valley,Supplements,,,,,,,,,,,,,
698,lime,Supplements,,,,,,,,,,,,,
699,limonene,Supplements,,,,,,,,,,,,,
700,linden,Supplements,,,,,,,,,,,,,
701,linseed oil,Supplements,,,,,,,,,,,,,
702,lipase,Supplements,,,,,,,,,,,,,
703,lithium,Supplements,,,,,,,,,,,,,
704,liver extract,Supplements,,,,,,,,,,,,,
705,liverwort,Supplements,,,,,,,,,,,,,
706,lobelia,Supplements,,,,,,,,,,,,,
707,logwood,Supplements,,,,,,,,,,,,,
708,loosestrife,Supplements,,,,,,,,,,,,,
709,lorenzo's oil,Supplements,,,,,,,,,,,,,
710,lotus,Supplements,,,,,,,,,,,,,
711,lovage,Supplements,,,,,,,,,,,,,
712,l-tryptophan,Supplements,,,,,,,,,,,,,
713,luffa,Supplements,,,,,,,,,,,,,
714,lugol?s solution,Supplements,,,,,,,,,,,,,
715,lungmoss,Supplements,,,,,,,,,,,,,
716,lungwort,Supplements,,,,,,,,,,,,,
717,lutein,Supplements,,,,,,,,,,,,,
718,lycium,Supplements,,,,,,,,,,,,,
719,lycopene,Supplements,,,,,,,,,,,,,
720,lysine,Supplements,,,,,,,,,,,,,
721,maca,Supplements,,,,,,,,,,,,,
722,macadamia nut,Supplements,,,,,,,,,,,,,
723,madagascar periwinkle,Supplements,,,,,,,,,,,,,
724,madder,Supplements,,,,,,,,,,,,,
725,magnesium,Supplements,,,,,,,,,,,,,
726,magnolia,Supplements,,,,,,,,,,,,,
727,maidenhair fern,Supplements,,,,,,,,,,,,,
728,maitake mushroom,Supplements,,,,,,,,,,,,,
729,malabar nut,Supplements,,,,,,,,,,,,,
730,male fern,Supplements,,,,,,,,,,,,,
731,mallow,Supplements,,,,,,,,,,,,,
732,manaca,Supplements,,,,,,,,,,,,,
733,manganese,Supplements,,,,,,,,,,,,,
734,mangosteen,Supplements,,,,,,,,,,,,,
735,manna,Supplements,,,,,,,,,,,,,
736,marijuana,Supplements,,,,,,,,,,,,,
737,marjoram,Supplements,,,,,,,,,,,,,
738,marsh blazing star,Supplements,,,,,,,,,,,,,
739,marsh marigold,Supplements,,,,,,,,,,,,,
740,marsh tea,Supplements,,,,,,,,,,,,,
741,marshmallow,Supplements,,,,,,,,,,,,,
742,martagon,Supplements,,,,,,,,,,,,,
743,masterwort,Supplements,,,,,,,,,,,,,
744,mastic,Supplements,,,,,,,,,,,,,
745,mate,Supplements,,,,,,,,,,,,,
746,meadowsweet,Supplements,,,,,,,,,,,,,
747,medicinal tea,Supplements,,,,,,,,,,,,,
748,medium chain triglycerides (mct),Supplements,,,,,,,,,,,,,
749,melanotan-ii,Supplements,,,,,,,,,,,,,
750,melatonin,Supplements,,,,,,,,,,,,,
751,mentzelia,Supplements,,,,,,,,,,,,,
752,mercury herb,Supplements,,,,,,,,,,,,,
753,mesoglycan,Supplements,,,,,,,,,,,,,
754,methionine,Supplements,,,,,,,,,,,,,
755,methoxylated flavones,Supplements,,,,,,,,,,,,,
756,methylsulfonylmethane,Supplements,,,,,,,,,,,,,
757,mexican scammony root,Supplements,,,,,,,,,,,,,
758,mezereon,Supplements,,,,,,,,,,,,,
759,mgn-3,Supplements,,,,,,,,,,,,,
760,milk thistle,Supplements,,,,,,,,,,,,,
761,miracle fruit,Supplements,,,,,,,,,,,,,
762,moneywort,Supplements,,,,,,,,,,,,,
763,monolaurin,Supplements,,,,,,,,,,,,,
764,morinda,Supplements,,,,,,,,,,,,,
765,mormon tea,Supplements,,,,,,,,,,,,,
766,motherwort,Supplements,,,,,,,,,,,,,
767,mountain ash,Supplements,,,,,,,,,,,,,
768,mountain flax,Supplements,,,,,,,,,,,,,
769,mountain laurel,Supplements,,,,,,,,,,,,,
770,mouse ear,Supplements,,,,,,,,,,,,,
771,msm (methylsulfonylmethane),Supplements,,,,,,,,,,,,,
772,mugwort,Supplements,,,,,,,,,,,,,
773,muira puama,Supplements,,,,,,,,,,,,,
774,mullein,Supplements,,,,,,,,,,,,,
775,musk,Supplements,,,,,,,,,,,,,
776,myrrh,Supplements,,,,,,,,,,,,,
777,myrtle,Supplements,,,,,,,,,,,,,
778,n-acetyl cysteine,Supplements,,,,,,,,,,,,,
779,n-acetyl glucosamine,Supplements,,,,,,,,,,,,,
780,nadh,Supplements,,,,,,,,,,,,,
781,nasturtium,Supplements,,,,,,,,,,,,,
782,nattokinase,Supplements,,,,,,,,,,,,,
783,neem,Supplements,,,,,,,,,,,,,
784,nerve root,Supplements,,,,,,,,,,,,,
785,new jersey tea,Supplements,,,,,,,,,,,,,
786,new zealand green-lipped mussel,Supplements,,,,,,,,,,,,,
787,niacin and niacinamide (vitamin b3),Supplements,,,,,,,,,,,,,
788,niauli oil,Supplements,,,,,,,,,,,,,
789,nickel,Supplements,,,,,,,,,,,,,
790,nikko maple,Supplements,,,,,,,,,,,,,
791,northern prickly ash,Supplements,,,,,,,,,,,,,
792,nutmeg and mace,Supplements,,,,,,,,,,,,,
793,nux vomica,Supplements,,,,,,,,,,,,,
794,oak bark,Supplements,,,,,,,,,,,,,
795,oak moss,Supplements,,,,,,,,,,,,,
796,oats,Supplements,,,,,,,,,,,,,
797,octacosanol,Supplements,,,,,,,,,,,,,
798,oleander,Supplements,,,,,,,,,,,,,
799,olive,Supplements,,,,,,,,,,,,,
800,omega-6 fatty acids,Supplements,,,,,,,,,,,,,
801,onion,Supplements,,,,,,,,,,,,,
802,oolong tea,Supplements,,,,,,,,,,,,,
803,opium antidote,Supplements,,,,,,,,,,,,,
804,orchic extract,Supplements,,,,,,,,,,,,,
805,oregano,Supplements,,,,,,,,,,,,,
806,oregon fir balsam,Supplements,,,,,,,,,,,,,
807,oregon grape,Supplements,,,,,,,,,,,,,
808,oriental arborvitae,Supplements,,,,,,,,,,,,,
809,ornithine,Supplements,,,,,,,,,,,,,
810,ornithine ketoglutarate,Supplements,,,,,,,,,,,,,
811,orris,Supplements,,,,,,,,,,,,,
812,oscillococcinum,Supplements,,,,,,,,,,,,,
813,osha,Supplements,,,,,,,,,,,,,
814,ostrich fern,Supplements,,,,,,,,,,,,,
815,oswego tea,Supplements,,,,,,,,,,,,,
816,other teas,Supplements,,,,,,,,,,,,,
817,ox-eye daisy,Supplements,,,,,,,,,,,,,
818,pagoda tree,Supplements,,,,,,,,,,,,,
819,palm oil,Supplements,,,,,,,,,,,,,
820,panax pseudoginseng,Supplements,,,,,,,,,,,,,
821,pancreatic enzymes,Supplements,,,,,,,,,,,,,
822,pancreatic enzymes,Supplements,,,,,,,,,,,,,
823,pancreatin,Supplements,,,,,,,,,,,,,
824,pangamic acid,Supplements,,,,,,,,,,,,,
825,pantethine,Supplements,,,,,,,,,,,,,
826,pantothenic acid (vitamin b5),Supplements,,,,,,,,,,,,,
827,papain,Supplements,,,,,,,,,,,,,
828,papaya,Supplements,,,,,,,,,,,,,
829,para-aminobenzoic acid (paba),Supplements,,,,,,,,,,,,,
830,pareira,Supplements,,,,,,,,,,,,,
831,parsley,Supplements,,,,,,,,,,,,,
832,parsley piert,Supplements,,,,,,,,,,,,,
833,parsnip,Supplements,,,,,,,,,,,,,
834,passionflower,Supplements,,,,,,,,,,,,,
835,patchouly oil,Supplements,,,,,,,,,,,,,
836,pau d'arco,Supplements,,,,,,,,,,,,,
837,peanut oil,Supplements,,,,,,,,,,,,,
838,pear,Supplements,,,,,,,,,,,,,
839,pectin,Supplements,,,,,,,,,,,,,
840,pellitory,Supplements,,,,,,,,,,,,,
841,pellitory-of-the-wall,Supplements,,,,,,,,,,,,,
842,pennyroyal,Supplements,,,,,,,,,,,,,
843,peony,Supplements,,,,,,,,,,,,,
844,peppermint,Supplements,,,,,,,,,,,,,
845,perilla,Supplements,,,,,,,,,,,,,
846,perillyl alcohol,Supplements,,,,,,,,,,,,,
847,periwinkle,Supplements,,,,,,,,,,,,,
848,peru balsam,Supplements,,,,,,,,,,,,,
849,peyote,Supplements,,,,,,,,,,,,,
850,pheasant's eye,Supplements,,,,,,,,,,,,,
851,phellodendron,Supplements,,,,,,,,,,,,,
852,phenibut,Supplements,,,,,,,,,,,,,
853,phenylalanine,Supplements,,,,,,,,,,,,,
854,phleum pratense,Supplements,,,,,,,,,,,,,
855,phosphate salts,Supplements,,,,,,,,,,,,,
856,phosphatidylcholine,Supplements,,,,,,,,,,,,,
857,phosphatidylserine,Supplements,,,,,,,,,,,,,
858,picrorhiza,Supplements,,,,,,,,,,,,,
859,pimpinella,Supplements,,,,,,,,,,,,,
860,pine,Supplements,,,,,,,,,,,,,
861,pinellia ternata,Supplements,,,,,,,,,,,,,
862,pink root,Supplements,,,,,,,,,,,,,
863,pinus bark,Supplements,,,,,,,,,,,,,
864,pipsissewa,Supplements,,,,,,,,,,,,,
865,pitcher plant,Supplements,,,,,,,,,,,,,
866,pleurisy root,Supplements,,,,,,,,,,,,,
867,podophyllum,Supplements,,,,,,,,,,,,,
868,poinsettia,Supplements,,,,,,,,,,,,,
869,poison ivy,Supplements,,,,,,,,,,,,,
870,poisonous buttercup,Supplements,,,,,,,,,,,,,
871,pokeweed,Supplements,,,,,,,,,,,,,
872,policosanol,Supplements,,,,,,,,,,,,,
873,policosanol,Supplements,,,,,,,,,,,,,
874,polypodium leucotomos,Supplements,,,,,,,,,,,,,
875,pomegranate,Supplements,,,,,,,,,,,,,
876,poplar,Supplements,,,,,,,,,,,,,
877,poria mushroom,Supplements,,,,,,,,,,,,,
878,potassium,Supplements,,,,,,,,,,,,,
879,potassium compound,Supplements,,,,,,,,,,,,,
880,potato,Supplements,,,,,,,,,,,,,
881,potentilla,Supplements,,,,,,,,,,,,,
882,precatory bean,Supplements,,,,,,,,,,,,,
883,pregnenolone,Supplements,,,,,,,,,,,,,
884,premorse,Supplements,,,,,,,,,,,,,
885,prickly pear cactus,Supplements,,,,,,,,,,,,,
886,probiotics,Supplements,,,,,,,,,,,,,
887,procaine,Supplements,,,,,,,,,,,,,
888,progesterone,Supplements,,,,,,,,,,,,,
889,propionyl-l-carnitine,Supplements,,,,,,,,,,,,,
890,propolis,Supplements,,,,,,,,,,,,,
891,pu-erh tea,Supplements,,,,,,,,,,,,,
892,puff ball,Supplements,,,,,,,,,,,,,
893,pulsatilla,Supplements,,,,,,,,,,,,,
894,pumpkin,Supplements,,,,,,,,,,,,,
895,puncture vine,Supplements,,,,,,,,,,,,,
896,purple loosestrife,Supplements,,,,,,,,,,,,,
897,pycnogenol,Supplements,,,,,,,,,,,,,
898,pygeum,Supplements,,,,,,,,,,,,,
899,pyrethrum,Supplements,,,,,,,,,,,,,
900,pyridoxine (vitamin b6),Supplements,,,,,,,,,,,,,
901,pyruvate,Supplements,,,,,,,,,,,,,
902,quassia,Supplements,,,,,,,,,,,,,
903,quebracho,Supplements,,,,,,,,,,,,,
904,queen's delight,Supplements,,,,,,,,,,,,,
905,quercetin,Supplements,,,,,,,,,,,,,
906,quillaia,Supplements,,,,,,,,,,,,,
907,quince,Supplements,,,,,,,,,,,,,
908,rabdosia rubescens,Supplements,,,,,,,,,,,,,
909,radish,Supplements,,,,,,,,,,,,,
910,red bush tea,Supplements,,,,,,,,,,,,,
911,red clover,Supplements,,,,,,,,,,,,,
912,red maple,Supplements,,,,,,,,,,,,,
913,red raspberry,Supplements,,,,,,,,,,,,,
914,red sandalwood,Supplements,,,,,,,,,,,,,
915,red soapwort,Supplements,,,,,,,,,,,,,
916,red yeast,Supplements,,,,,,,,,,,,,
917,red-spur valerian,Supplements,,,,,,,,,,,,,
918,reed herb,Supplements,,,,,,,,,,,,,
919,rehmannia,Supplements,,,,,,,,,,,,,
920,reishi mushroom,Supplements,,,,,,,,,,,,,
921,resveratrol,Supplements,,,,,,,,,,,,,
922,rhatany,Supplements,,,,,,,,,,,,,
923,rhubarb,Supplements,,,,,,,,,,,,,
924,riboflavin (vitamin b2),Supplements,,,,,,,,,,,,,
925,ribose,Supplements,,,,,,,,,,,,,
926,rice bran,Supplements,,,,,,,,,,,,,
927,rna and dna,Supplements,,,,,,,,,,,,,
928,rock rose,Supplements,,,,,,,,,,,,,
929,roman chamomile,Supplements,,,,,,,,,,,,,
930,rose geranium oil,Supplements,,,,,,,,,,,,,
931,rose hip,Supplements,,,,,,,,,,,,,
932,rosemary,Supplements,,,,,,,,,,,,,
933,roseroot,Supplements,,,,,,,,,,,,,
934,rosinweed,Supplements,,,,,,,,,,,,,
935,royal jelly,Supplements,,,,,,,,,,,,,
936,royal jelly,Supplements,,,,,,,,,,,,,
937,rue,Supplements,,,,,,,,,,,,,
938,rupturewort,Supplements,,,,,,,,,,,,,
939,rusty-leaved rhododendron,Supplements,,,,,,,,,,,,,
940,rutin,Supplements,,,,,,,,,,,,,
941,rye grass,Supplements,,,,,,,,,,,,,
942,saccharomyces boulardii,Supplements,,,,,,,,,,,,,
943,safflower,Supplements,,,,,,,,,,,,,
944,saffron,Supplements,,,,,,,,,,,,,
945,sage,Supplements,,,,,,,,,,,,,
946,salacia,Supplements,,,,,,,,,,,,,
947,salep,Supplements,,,,,,,,,,,,,
948,same,Supplements,,,,,,,,,,,,,
949,samphire,Supplements,,,,,,,,,,,,,
950,sandy everlasting,Supplements,,,,,,,,,,,,,
951,sangre de grado,Supplements,,,,,,,,,,,,,
952,sanicle,Supplements,,,,,,,,,,,,,
953,sarsaparilla,Supplements,,,,,,,,,,,,,
954,sassafras,Supplements,,,,,,,,,,,,,
955,savin tops,Supplements,,,,,,,,,,,,,
956,saw palmetto,Supplements,,,,,,,,,,,,,
957,scarlet pimpernel,Supplements,,,,,,,,,,,,,
958,schisandra,Supplements,,,,,,,,,,,,,
959,schizonepeta,Supplements,,,,,,,,,,,,,
960,scopolia,Supplements,,,,,,,,,,,,,
961,scotch broom,Supplements,,,,,,,,,,,,,
962,scotch thistle,Supplements,,,,,,,,,,,,,
963,scurvy grass,Supplements,,,,,,,,,,,,,
964,sea buckthorn,Supplements,,,,,,,,,,,,,
965,secretin,Supplements,,,,,,,,,,,,,
966,selenium,Supplements,,,,,,,,,,,,,
967,selenium,Supplements,,,,,,,,,,,,,
968,self-heal,Supplements,,,,,,,,,,,,,
969,senega,Supplements,,,,,,,,,,,,,
970,senna,Supplements,,,,,,,,,,,,,
971,serrapeptase,Supplements,,,,,,,,,,,,,
972,shark cartilage,Supplements,,,,,,,,,,,,,
973,shark cartilage,Supplements,,,,,,,,,,,,,
974,shark liver oil,Supplements,,,,,,,,,,,,,
975,shellac,Supplements,,,,,,,,,,,,,
976,shepherd's purse,Supplements,,,,,,,,,,,,,
977,shiitake mushroom,Supplements,,,,,,,,,,,,,
978,silicon,Supplements,,,,,,,,,,,,,
979,simaruba,Supplements,,,,,,,,,,,,,
980,sitostanol,Supplements,,,,,,,,,,,,,
981,skirret,Supplements,,,,,,,,,,,,,
982,skullcap,Supplements,,,,,,,,,,,,,
983,skunk cabbage,Supplements,,,,,,,,,,,,,
984,slippery elm,Supplements,,,,,,,,,,,,,
985,smartweed,Supplements,,,,,,,,,,,,,
986,smooth alder,Supplements,,,,,,,,,,,,,
987,sneezewort,Supplements,,,,,,,,,,,,,
988,solomon's seal,Supplements,,,,,,,,,,,,,
989,sorrel,Supplements,,,,,,,,,,,,,
990,sour cherry,Supplements,,,,,,,,,,,,,
991,south african geranium,Supplements,,,,,,,,,,,,,
992,southern prickly ash,Supplements,,,,,,,,,,,,,
993,soy,Supplements,,,,,,,,,,,,,
994,soybean oil,Supplements,,,,,,,,,,,,,
995,spanish broom,Supplements,,,,,,,,,,,,,
996,spanish origanum oil,Supplements,,,,,,,,,,,,,
997,spearmint,Supplements,,,,,,,,,,,,,
998,spinach,Supplements,,,,,,,,,,,,,
999,spiny restharrow,Supplements,,,,,,,,,,,,,
1000,spirulina,Supplements,,,,,,,,,,,,,
1001,spirulina,Supplements,,,,,,,,,,,,,
1002,spleen extract,Supplements,,,,,,,,,,,,,
1003,squalamine,Supplements,,,,,,,,,,,,,
1004,squawvine,Supplements,,,,,,,,,,,,,
1005,squill,Supplements,,,,,,,,,,,,,
1006,st. john's wort,Supplements,,,,,,,,,,,,,
1007,star anise,Supplements,,,,,,,,,,,,,
1008,star of bethlehem,Supplements,,,,,,,,,,,,,
1009,stavesacre,Supplements,,,,,,,,,,,,,
1010,stevia,Supplements,,,,,,,,,,,,,
1011,stinging nettle,Supplements,,,,,,,,,,,,,
1012,stone root,Supplements,,,,,,,,,,,,,
1013,storax,Supplements,,,,,,,,,,,,,
1014,strawberry,Supplements,,,,,,,,,,,,,
1015,strontium,Supplements,,,,,,,,,,,,,
1016,strophanthus,Supplements,,,,,,,,,,,,,
1017,sulforaphane,Supplements,,,,,,,,,,,,,
1018,suma,Supplements,,,,,,,,,,,,,
1019,sumbul,Supplements,,,,,,,,,,,,,
1020,summer savory,Supplements,,,,,,,,,,,,,
1021,sundew,Supplements,,,,,,,,,,,,,
1022,sunflower oil,Supplements,,,,,,,,,,,,,
1023,superoxide dismutase,Supplements,,,,,,,,,,,,,
1024,swallowroot,Supplements,,,,,,,,,,,,,
1025,swamp milkweed,Supplements,,,,,,,,,,,,,
1026,sweet almond,Supplements,,,,,,,,,,,,,
1027,sweet annie,Supplements,,,,,,,,,,,,,
1028,sweet bay,Supplements,,,,,,,,,,,,,
1029,sweet cherry,Supplements,,,,,,,,,,,,,
1030,sweet cicely,Supplements,,,,,,,,,,,,,
1031,sweet clover,Supplements,,,,,,,,,,,,,
1032,sweet gale,Supplements,,,,,,,,,,,,,
1033,sweet orange,Supplements,,,,,,,,,,,,,
1034,sweet sumach,Supplements,,,,,,,,,,,,,
1035,sweet vernal grass,Supplements,,,,,,,,,,,,,
1036,sweet violet,Supplements,,,,,,,,,,,,,
1037,sweet woodruff,Supplements,,,,,,,,,,,,,
1038,tagetes,Supplements,,,,,,,,,,,,,
1039,tamarind,Supplements,,,,,,,,,,,,,
1040,tamarix dioica,Supplements,,,,,,,,,,,,,
1041,tannic acid,Supplements,,,,,,,,,,,,,
1042,tansy,Supplements,,,,,,,,,,,,,
1043,tansy ragwort,Supplements,,,,,,,,,,,,,
1044,tarragon,Supplements,,,,,,,,,,,,,
1045,taumelloolch,Supplements,,,,,,,,,,,,,
1046,taurine,Supplements,,,,,,,,,,,,,
1047,tea tree oil,Supplements,,,,,,,,,,,,,
1048,teazle,Supplements,,,,,,,,,,,,,
1049,terminalia,Supplements,,,,,,,,,,,,,
1050,testosterone boosters,Supplements,,,,,,,,,,,,,
1051,theaflavin,Supplements,,,,,,,,,,,,,
1052,theanine,Supplements,,,,,,,,,,,,,
1053,thiamine (vitamin b1),Supplements,,,,,,,,,,,,,
1054,threonine,Supplements,,,,,,,,,,,,,
1055,thuja,Supplements,,,,,,,,,,,,,
1056,thunder god vine,Supplements,,,,,,,,,,,,,
1057,thyme,Supplements,,,,,,,,,,,,,
1058,thymus extract,Supplements,,,,,,,,,,,,,
1059,thyroid hormone,Supplements,,,,,,,,,,,,,
1060,tinospora cordifolia,Supplements,,,,,,,,,,,,,
1061,tiratricol,Supplements,,,,,,,,,,,,,
1062,tolu balsam,Supplements,,,,,,,,,,,,,
1063,tomato,Supplements,,,,,,,,,,,,,
1064,tonka bean,Supplements,,,,,,,,,,,,,
1065,tormentil,Supplements,,,,,,,,,,,,,
1066,tragacanth,Supplements,,,,,,,,,,,,,
1067,trailing arbutus,Supplements,,,,,,,,,,,,,
1068,transfer factor,Supplements,,,,,,,,,,,,,
1069,traveler's joy,Supplements,,,,,,,,,,,,,
1070,tree of heaven,Supplements,,,,,,,,,,,,,
1071,tree turmeric,Supplements,,,,,,,,,,,,,
1072,trichopus zeylanicus,Supplements,,,,,,,,,,,,,
1073,tronadora,Supplements,,,,,,,,,,,,,
1074,trypsin,Supplements,,,,,,,,,,,,,
1075,tryptophan,Supplements,,,,,,,,,,,,,
1076,tung seed,Supplements,,,,,,,,,,,,,
1077,turkey corn,Supplements,,,,,,,,,,,,,
1078,turmeric,Supplements,,,,,,,,,,,,,
1079,turmeric,Supplements,,,,,,,,,,,,,
1080,turpentine oil,Supplements,,,,,,,,,,,,,
1081,turtle head,Supplements,,,,,,,,,,,,,
1082,tyrosine,Supplements,,,,,,,,,,,,,
1083,usnea,Supplements,,,,,,,,,,,,,
1084,uva ursi,Supplements,,,,,,,,,,,,,
1085,uzara,Supplements,,,,,,,,,,,,,
1086,valerian,Supplements,,,,,,,,,,,,,
1087,vanadium,Supplements,,,,,,,,,,,,,
1088,vanilla,Supplements,,,,,,,,,,,,,
1089,verbena,Supplements,,,,,,,,,,,,,
1090,veronica,Supplements,,,,,,,,,,,,,
1091,vetiver,Supplements,,,,,,,,,,,,,
1092,vinpocetine,Supplements,,,,,,,,,,,,,
1093,vitamin a,Supplements,,,,,,,,,,,,,
1094,vitamin b,Supplements,,,,,,,,,,,,,
1095,vitamin b12,Supplements,,,,,,,,,,,,,
1096,vitamin b12,Supplements,,,,,,,,,,,,,
1097,vitamin c (ascorbic acid),Supplements,,,,,,,,,,,,,
1098,vitamin d,Supplements,,,,,,,,,,,,,
1099,vitamin d,Supplements,,,,,,,,,,,,,
1100,vitamin d,Supplements,,,,,,,,,,,,,
1101,vitamin e,Supplements,,,,,,,,,,,,,
1102,vitamin e,Supplements,,,,,,,,,,,,,
1103,vitamin k,Supplements,,,,,,,,,,,,,
1104,vitamin o,Supplements,,,,,,,,,,,,,
1105,wafer ash,Supplements,,,,,,,,,,,,,
1106,wahoo,Supplements,,,,,,,,,,,,,
1107,wallflower,Supplements,,,,,,,,,,,,,
1108,water avens,Supplements,,,,,,,,,,,,,
1109,water dock,Supplements,,,,,,,,,,,,,
1110,water dropwort,Supplements,,,,,,,,,,,,,
1111,water fennel,Supplements,,,,,,,,,,,,,
1112,water germander,Supplements,,,,,,,,,,,,,
1113,water hemlock,Supplements,,,,,,,,,,,,,
1114,water plantain,Supplements,,,,,,,,,,,,,
1115,watercress,Supplements,,,,,,,,,,,,,
1116,wheat bran,Supplements,,,,,,,,,,,,,
1117,wheatgrass,Supplements,,,,,,,,,,,,,
1118,whey protein,Supplements,,,,,,,,,,,,,
1119,whey protein,Supplements,,,,,,,,,,,,,
1120,white cohosh,Supplements,,,,,,,,,,,,,
1121,white dead nettle flower,Supplements,,,,,,,,,,,,,
1122,white hellebore,Supplements,,,,,,,,,,,,,
1123,white horehound,Supplements,,,,,,,,,,,,,
1124,white lily,Supplements,,,,,,,,,,,,,
1125,white mustard,Supplements,,,,,,,,,,,,,
1126,white sandalwood,Supplements,,,,,,,,,,,,,
1127,white soapwort,Supplements,,,,,,,,,,,,,
1128,wild carrot,Supplements,,,,,,,,,,,,,
1129,wild cherry,Supplements,,,,,,,,,,,,,
1130,wild daisy,Supplements,,,,,,,,,,,,,
1131,wild indigo,Supplements,,,,,,,,,,,,,
1132,wild lettuce,Supplements,,,,,,,,,,,,,
1133,wild mint,Supplements,,,,,,,,,,,,,
1134,wild radish,Supplements,,,,,,,,,,,,,
1135,wild thyme,Supplements,,,,,,,,,,,,,
1136,wild yam,Supplements,,,,,,,,,,,,,
1137,willard water,Supplements,,,,,,,,,,,,,
1138,willow bark,Supplements,,,,,,,,,,,,,
1139,wine,Supplements,,,,,,,,,,,,,
1140,winter cherry,Supplements,,,,,,,,,,,,,
1141,winter savory,Supplements,,,,,,,,,,,,,
1142,wintergreen,Supplements,,,,,,,,,,,,,
1143,winter's bark,Supplements,,,,,,,,,,,,,
1144,witch hazel,Supplements,,,,,,,,,,,,,
1145,wood anemone,Supplements,,,,,,,,,,,,,
1146,wood sage,Supplements,,,,,,,,,,,,,
1147,wood sorrel,Supplements,,,,,,,,,,,,,
1148,woodbine,Supplements,,,,,,,,,,,,,
1149,wormseed,Supplements,,,,,,,,,,,,,
1150,wormwood,Supplements,,,,,,,,,,,,,
1151,xanthan gum,Supplements,,,,,,,,,,,,,
1152,xanthoparmelia,Supplements,,,,,,,,,,,,,
1153,xylitol,Supplements,,,,,,,,,,,,,
1154,yarrow,Supplements,,,,,,,,,,,,,
1155,yellow dock,Supplements,,,,,,,,,,,,,
1156,yellow lupin,Supplements,,,,,,,,,,,,,
1157,yellow toadflax,Supplements,,,,,,,,,,,,,
1158,yerba mansa,Supplements,,,,,,,,,,,,,
1159,yerba santa,Supplements,,,,,,,,,,,,,
1160,yew,Supplements,,,,,,,,,,,,,
1161,yin chen,Supplements,,,,,,,,,,,,,
1162,ylang ylang oil,Supplements,,,,,,,,,,,,,
1163,yogurt,Supplements,,,,,,,,,,,,,
1164,yohimbe,Supplements,,,,,,,,,,,,,
1165,yohimbine,Supplements,,,,,,,,,,,,,
1166,yucca,Supplements,,,,,,,,,,,,,
1167,zedoary,Supplements,,,,,,,,,,,,,
1168,zinc,Supplements,,,,,,,,,,,,,
1169,?deep breathing,Alternative Thearpies,,,,,,,,,,,,,
1170,?guided imagery,Alternative Thearpies,,,,,,,,,,,,,
1171,?hypnosis,Alternative Thearpies,,,,,,,,,,,,,
1172,?meditation,Alternative Thearpies,,,,,,,,,,,,,
1173,?progressive relaxation,Alternative Thearpies,,,,,,,,,,,,,
1174,?stress management,Alternative Thearpies,,,,,,,,,,,,,
1175,?support groups,Alternative Thearpies,,,,,,,,,,,,,
1176,?tai chi,Alternative Thearpies,,,,,,,,,,,,,
1177,?yoga,Alternative Thearpies,,,,,,,,,,,,,
1178,aboriginal medicine,Alternative Thearpies,,,,,,,,,,,,,
1179,acupuncture,Alternative Thearpies,,,,,,,,,,,,,
1180,acupuncture,Alternative Thearpies,,,,,,,,,,,,,
1181,aromatherapy,Alternative Thearpies,,,,,,,,,,,,,
1182,ayurvedic ,Alternative Thearpies,,,,,,,,,,,,,
1183,bowen technique,Alternative Thearpies,,,,,,,,,,,,,
1184,chinese medicine,Alternative Thearpies,,,,,,,,,,,,,
1185,chiropractic,Alternative Thearpies,,,,,,,,,,,,,
1186,energy medicine,Alternative Thearpies,,,,,,,,,,,,,
1187,enzyme therapy,Alternative Thearpies,,,,,,,,,,,,,
1188,gerson therapy,Alternative Thearpies,,,,,,,,,,,,,
1189,homeopathy,Alternative Thearpies,,,,,,,,,,,,,
1190,homeopathy,Alternative Thearpies,,,,,,,,,,,,,
1191,hypnotherapy,Alternative Thearpies,,,,,,,,,,,,,
1192,indian medicine,Alternative Thearpies,,,,,,,,,,,,,
1193,acupressure,Alternative Thearpies,,,,,,,,,,,,,
1194,acupuncture,Alternative Thearpies,,,,,,,,,,,,,
1195,alexander technique,Alternative Thearpies,,,,,,,,,,,,,
1196,apitherapy,Alternative Thearpies,,,,,,,,,,,,,
1197,aromatherapyÿ,Alternative Thearpies,,,,,,,,,,,,,
1198,auriculotherapy,Alternative Thearpies,,,,,,,,,,,,,
1199,autogenic trainingÿ,Alternative Thearpies,,,,,,,,,,,,,
1200,autosuggestionÿ,Alternative Thearpies,,,,,,,,,,,,,
1201,ayurveda,Alternative Thearpies,,,,,,,,,,,,,
1202,bach flower therapy,Alternative Thearpies,,,,,,,,,,,,,
1203,chiropractic,Alternative Thearpies,,,,,,,,,,,,,
1204,crystal healing,Alternative Thearpies,,,,,,,,,,,,,
1205,cupping therapy,Alternative Thearpies,,,,,,,,,,,,,
1206,ear candling,Alternative Thearpies,,,,,,,,,,,,,
1207,electromagnetic therapy,Alternative Thearpies,,,,,,,,,,,,,
1208,enemas,Alternative Thearpies,,,,,,,,,,,,,
1209,feldenkrais method,Alternative Thearpies,,,,,,,,,,,,,
1210,hypnotherapy,Alternative Thearpies,,,,,,,,,,,,,
1211,moxibustion,Alternative Thearpies,,,,,,,,,,,,,
1212,music therapy,Alternative Thearpies,,,,,,,,,,,,,
1213,naturopathic medicine,Alternative Thearpies,,,,,,,,,,,,,
1214,new thought,Alternative Thearpies,,,,,,,,,,,,,
1215,neuro-linguistic programming,Alternative Thearpies,,,,,,,,,,,,,
1216,nutritional healing,Alternative Thearpies,,,,,,,,,,,,,
1217,nutritional supplements,Alternative Thearpies,,,,,,,,,,,,,
1218,orgonomy,Alternative Thearpies,,,,,,,,,,,,,
1219,orthomolecular medicine,Alternative Thearpies,,,,,,,,,,,,,
1220,osteomyology,Alternative Thearpies,,,,,,,,,,,,,
1221,osteopathy,Alternative Thearpies,,,,,,,,,,,,,
1222,pilates,Alternative Thearpies,,,,,,,,,,,,,
1223,polarity therapy,Alternative Thearpies,,,,,,,,,,,,,
1224,pranic healing,Alternative Thearpies,,,,,,,,,,,,,
1225,qigong,Alternative Thearpies,,,,,,,,,,,,,
1226,radionics,Alternative Thearpies,,,,,,,,,,,,,
1227,rebirthing (breathing),Alternative Thearpies,,,,,,,,,,,,,
1228,reflexology,Alternative Thearpies,,,,,,,,,,,,,
1229,reiki,Alternative Thearpies,,,,,,,,,,,,,
1230,rolfing (structural integration),Alternative Thearpies,,,,,,,,,,,,,
1231,seitai therapy,Alternative Thearpies,,,,,,,,,,,,,
1232,self-hypnosis,Alternative Thearpies,,,,,,,,,,,,,
1233,shiatsu,Alternative Thearpies,,,,,,,,,,,,,
1234,siddha medicine,Alternative Thearpies,,,,,,,,,,,,,
1235,sonopuncture,Alternative Thearpies,,,,,,,,,,,,,
1236,sound therapy,Alternative Thearpies,,,,,,,,,,,,,
1237,spiritual mind treatment,Alternative Thearpies,,,,,,,,,,,,,
1238,structural integration,Alternative Thearpies,,,,,,,,,,,,,
1239,support groups,Alternative Thearpies,,,,,,,,,,,,,
1240,t?ai chi ch?uan,Alternative Thearpies,,,,,,,,,,,,,
1241,thai massage,Alternative Thearpies,,,,,,,,,,,,,
1242,traditional chinese medicine,Alternative Thearpies,,,,,,,,,,,,,
1243,traditional korean medicine,Alternative Thearpies,,,,,,,,,,,,,
1244,traditional japanese medicine,Alternative Thearpies,,,,,,,,,,,,,
1245,traditional mongolian medicine,Alternative Thearpies,,,,,,,,,,,,,
1246,traditional tibetan medicine,Alternative Thearpies,,,,,,,,,,,,,
1247,thalassotherapy,Alternative Thearpies,,,,,,,,,,,,,
1248,therapeutic horseback riding,Alternative Thearpies,,,,,,,,,,,,,
1249,therapeutic touch,Alternative Thearpies,,,,,,,,,,,,,
1250,tibetan eye chart,Alternative Thearpies,,,,,,,,,,,,,
1251,trager approach,Alternative Thearpies,,,,,,,,,,,,,
1252,transcendental meditation,Alternative Thearpies,,,,,,,,,,,,,
1253,trigger point therapy,Alternative Thearpies,,,,,,,,,,,,,
1254,tui na,Alternative Thearpies,,,,,,,,,,,,,
1255,visualisation,Alternative Thearpies,,,,,,,,,,,,,
1256,water cure (therapy),Alternative Thearpies,,,,,,,,,,,,,
1257,yoga,Alternative Thearpies,,,,,,,,,,,,,
1258,zang fu theory,Alternative Thearpies,,,,,,,,,,,,,
1259,acupressure,Alternative Thearpies,,,,,,,,,,,,,
1260,alexander technique,Alternative Thearpies,,,,,,,,,,,,,
1261,amatsu,Alternative Thearpies,,,,,,,,,,,,,
1262,aromatherapy,Alternative Thearpies,,,,,,,,,,,,,
1263,biofeedback,Alternative Thearpies,,,,,,,,,,,,,
1264,chinese herbalism,Alternative Thearpies,,,,,,,,,,,,,
1265,chiropractic,Alternative Thearpies,,,,,,,,,,,,,
1266,colonic irrigation,Alternative Thearpies,,,,,,,,,,,,,
1267,craniosacral,Alternative Thearpies,,,,,,,,,,,,,
1268,deep tissue bodywork,Alternative Thearpies,,,,,,,,,,,,,
1269,detox,Alternative Thearpies,,,,,,,,,,,,,
1270,diathermy,Alternative Thearpies,,,,,,,,,,,,,
1271,dream,Alternative Thearpies,,,,,,,,,,,,,
1272,ear candling,Alternative Thearpies,,,,,,,,,,,,,
1273,enzyme therapy,Alternative Thearpies,,,,,,,,,,,,,
1274,feng shui,Alternative Thearpies,,,,,,,,,,,,,
1275,flower essences,Alternative Thearpies,,,,,,,,,,,,,
1276,herbalism,Alternative Thearpies,,,,,,,,,,,,,
1277,holistic,Alternative Thearpies,,,,,,,,,,,,,
1278,iridology,Alternative Thearpies,,,,,,,,,,,,,
1279,jin shin do,Alternative Thearpies,,,,,,,,,,,,,
1280,kinesiology,Alternative Thearpies,,,,,,,,,,,,,
1281,magnetic,Alternative Thearpies,,,,,,,,,,,,,
1282,massage,Alternative Thearpies,,,,,,,,,,,,,
1283,neuro-linguistic programming,Alternative Thearpies,,,,,,,,,,,,,
1284,osteopathy,Alternative Thearpies,,,,,,,,,,,,,
1285,pilates,Alternative Thearpies,,,,,,,,,,,,,
1286,qigong,Alternative Thearpies,,,,,,,,,,,,,
1287,reflexology,Alternative Thearpies,,,,,,,,,,,,,
1288,reiki,Alternative Thearpies,,,,,,,,,,,,,
1289,shiatsu,Alternative Thearpies,,,,,,,,,,,,,
1290,sound therapy,Alternative Thearpies,,,,,,,,,,,,,
1291,stress management therapy,Alternative Thearpies,,,,,,,,,,,,,
1292,tai chi,Alternative Thearpies,,,,,,,,,,,,,
1293,yoga,Alternative Thearpies,,,,,,,,,,,,,
1294,massage,Alternative Thearpies,,,,,,,,,,,,,
1295,meditation,Alternative Thearpies,,,,,,,,,,,,,
1296,mental imagery,Alternative Thearpies,,,,,,,,,,,,,
1297,mind-body techniques,Alternative Thearpies,,,,,,,,,,,,,
1298,mindfulness,Alternative Thearpies,,,,,,,,,,,,,
1299,osteopathy,Alternative Thearpies,,,,,,,,,,,,,
1300,ozone therapy ,Alternative Thearpies,,,,,,,,,,,,,
1301,yoga,Alternative Thearpies,,,,,,,,,,,,,
1302,qigong,Alternative Thearpies,,,,,,,,,,,,,
1303,reflexology,Alternative Thearpies,,,,,,,,,,,,,
1304,reiki,Alternative Thearpies,,,,,,,,,,,,,
1305,relaxation techniques,Alternative Thearpies,,,,,,,,,,,,,
1306,traditional chinese medicine,Alternative Thearpies,,,,,,,,,,,,,
1307,western herbal medicine,Alternative Thearpies,,,,,,,,,,,,,
1308,juicing,Alternative Thearpies,,,,,,,,,,,,,
1309,the budwig protocol,Alternative Thearpies,,,,,,,,,,,,,
1310,proteolytic enyzme therapy,Alternative Thearpies,,,,,,,,,,,,,
1311,chelation therapy,Alternative Thearpies,,,,,,,,,,,,,
1312,frankincense essential oil therapy,Alternative Thearpies,,,,,,,,,,,,,
1313,sound therapy,Alternative Thearpies,,,,,,,,,,,,,
1314,acupressure,Alternative Thearpies,,,,,,,,,,,,,
1315,abiyuch,Food & Drinks,,,,,,,,,,,,,
1316,acerola,Food & Drinks,,,,,,,,,,,,,
1317,acerola juice,Food & Drinks,,,,,,,,,,,,,
1318,acorn stew (apache),Food & Drinks,,,,,,,,,,,,,
1319,agave,Food & Drinks,,,,,,,,,,,,,
1320,agutuk,Food & Drinks,,,,,,,,,,,,,
1321,alcoholic beverage,Food & Drinks,,,,,,,,,,,,,
1322,alcoholic beverages,Food & Drinks,,,,,,,,,,,,,
1323,alfalfa seeds,Food & Drinks,,,,,,,,,,,,,
1324,amaranth grain,Food & Drinks,,,,,,,,,,,,,
1325,amaranth leaves,Food & Drinks,,,,,,,,,,,,,
1326,andrea's,Food & Drinks,,,,,,,,,,,,,
1327,animal fat,Food & Drinks,,,,,,,,,,,,,
1328,apple juice,Food & Drinks,,,,,,,,,,,,,
1329,applebee's,Food & Drinks,,,,,,,,,,,,,
1330,apples,Food & Drinks,,,,,,,,,,,,,
1331,applesauce,Food & Drinks,,,,,,,,,,,,,
1332,apricot nectar,Food & Drinks,,,,,,,,,,,,,
1333,apricots,Food & Drinks,,,,,,,,,,,,,
1334,arby's,Food & Drinks,,,,,,,,,,,,,
1335,archway home style cookies,Food & Drinks,,,,,,,,,,,,,
1336,arrowhead,Food & Drinks,,,,,,,,,,,,,
1337,arrowroot,Food & Drinks,,,,,,,,,,,,,
1338,arrowroot flour,Food & Drinks,,,,,,,,,,,,,
1339,artichokes,Food & Drinks,,,,,,,,,,,,,
1340,artificial blueberry muffin mix,Food & Drinks,,,,,,,,,,,,,
1341,arugula,Food & Drinks,,,,,,,,,,,,,
1342,ascidians (tunughnak) (alaska native),Food & Drinks,,,,,,,,,,,,,
1343,asparagus,Food & Drinks,,,,,,,,,,,,,
1344,avocados,Food & Drinks,,,,,,,,,,,,,
1345,babyfood,Food & Drinks,,,,,,,,,,,,,
1346,bacon,Food & Drinks,,,,,,,,,,,,,
1347,bacon and beef sticks,Food & Drinks,,,,,,,,,,,,,
1348,bacon bits,Food & Drinks,,,,,,,,,,,,,
1349,bagels,Food & Drinks,,,,,,,,,,,,,
1350,baking chocolate,Food & Drinks,,,,,,,,,,,,,
1351,balsam-pear (bitter gourd),Food & Drinks,,,,,,,,,,,,,
1352,bamboo shoots,Food & Drinks,,,,,,,,,,,,,
1353,bananas,Food & Drinks,,,,,,,,,,,,,
1354,banquet,Food & Drinks,,,,,,,,,,,,,
1355,baobab powder,Food & Drinks,,,,,,,,,,,,,
1356,barbecue loaf,Food & Drinks,,,,,,,,,,,,,
1357,barley,Food & Drinks,,,,,,,,,,,,,
1358,barley flour or meal,Food & Drinks,,,,,,,,,,,,,
1359,barley malt flour,Food & Drinks,,,,,,,,,,,,,
1360,basil,Food & Drinks,,,,,,,,,,,,,
1361,beans,Food & Drinks,,,,,,,,,,,,,
1362,bear,Food & Drinks,,,,,,,,,,,,,
1363,beef,Food & Drinks,,,,,,,,,,,,,
1364,beef composite,Food & Drinks,,,,,,,,,,,,,
1365,beef macaroni with tomato sauce,Food & Drinks,,,,,,,,,,,,,
1366,beef pot pie,Food & Drinks,,,,,,,,,,,,,
1367,beef stew,Food & Drinks,,,,,,,,,,,,,
1368,beerwurst,Food & Drinks,,,,,,,,,,,,,
1369,beet greens,Food & Drinks,,,,,,,,,,,,,
1370,beets,Food & Drinks,,,,,,,,,,,,,
1371,beverage,Food & Drinks,,,,,,,,,,,,,
1372,beverages,Food & Drinks,,,,,,,,,,,,,
1373,biscuits,Food & Drinks,,,,,,,,,,,,,
1374,bison,Food & Drinks,,,,,,,,,,,,,
1375,blackberries,Food & Drinks,,,,,,,,,,,,,
1376,blackberry juice,Food & Drinks,,,,,,,,,,,,,
1377,blood sausage,Food & Drinks,,,,,,,,,,,,,
1378,blueberries,Food & Drinks,,,,,,,,,,,,,
1379,bockwurst,Food & Drinks,,,,,,,,,,,,,
1380,bologna,Food & Drinks,,,,,,,,,,,,,
1381,borage,Food & Drinks,,,,,,,,,,,,,
1382,boysenberries,Food & Drinks,,,,,,,,,,,,,
1383,bratwurst,Food & Drinks,,,,,,,,,,,,,
1384,braunschweiger (a liver sausage),Food & Drinks,,,,,,,,,,,,,
1385,bread,Food & Drinks,,,,,,,,,,,,,
1386,breadfruit,Food & Drinks,,,,,,,,,,,,,
1387,breakfast bar,Food & Drinks,,,,,,,,,,,,,
1388,breakfast bars,Food & Drinks,,,,,,,,,,,,,
1389,broadbeans,Food & Drinks,,,,,,,,,,,,,
1390,broadbeans (fava beans),Food & Drinks,,,,,,,,,,,,,
1391,broccoli,Food & Drinks,,,,,,,,,,,,,
1392,broccoli raab,Food & Drinks,,,,,,,,,,,,,
1393,brussels sprouts,Food & Drinks,,,,,,,,,,,,,
1394,buckwheat,Food & Drinks,,,,,,,,,,,,,
1395,buckwheat flour,Food & Drinks,,,,,,,,,,,,,
1396,buckwheat groats,Food & Drinks,,,,,,,,,,,,,
1397,buffalo,Food & Drinks,,,,,,,,,,,,,
1398,bulgur,Food & Drinks,,,,,,,,,,,,,
1399,burdock root,Food & Drinks,,,,,,,,,,,,,
1400,burger king,Food & Drinks,,,,,,,,,,,,,
1401,burrito,Food & Drinks,,,,,,,,,,,,,
1402,butter,Food & Drinks,,,,,,,,,,,,,
1403,butter oil,Food & Drinks,,,,,,,,,,,,,
1404,butter replacement,Food & Drinks,,,,,,,,,,,,,
1405,butterbur,Food & Drinks,,,,,,,,,,,,,
1406,cabbage,Food & Drinks,,,,,,,,,,,,,
1407,cake,Food & Drinks,,,,,,,,,,,,,
1408,campbell's,Food & Drinks,,,,,,,,,,,,,
1409,campbell's chunky,Food & Drinks,,,,,,,,,,,,,
1410,canada goose,Food & Drinks,,,,,,,,,,,,,
1411,canadian bacon,Food & Drinks,,,,,,,,,,,,,
1412,candied fruit,Food & Drinks,,,,,,,,,,,,,
1413,candies,Food & Drinks,,,,,,,,,,,,,
1414,capers,Food & Drinks,,,,,,,,,,,,,
1415,carambola,Food & Drinks,,,,,,,,,,,,,
1416,carbonated beverage,Food & Drinks,,,,,,,,,,,,,
1417,cardoon,Food & Drinks,,,,,,,,,,,,,
1418,caribou,Food & Drinks,,,,,,,,,,,,,
1419,carissa,Food & Drinks,,,,,,,,,,,,,
1420,carob flour,Food & Drinks,,,,,,,,,,,,,
1421,carrabba's italian grill,Food & Drinks,,,,,,,,,,,,,
1422,carrot,Food & Drinks,,,,,,,,,,,,,
1423,carrot juice,Food & Drinks,,,,,,,,,,,,,
1424,carrots,Food & Drinks,,,,,,,,,,,,,
1425,cassava,Food & Drinks,,,,,,,,,,,,,
1426,catsup,Food & Drinks,,,,,,,,,,,,,
1427,cattail,Food & Drinks,,,,,,,,,,,,,
1428,cauliflower,Food & Drinks,,,,,,,,,,,,,
1429,celeriac,Food & Drinks,,,,,,,,,,,,,
1430,celery,Food & Drinks,,,,,,,,,,,,,
1431,celtuce,Food & Drinks,,,,,,,,,,,,,
1432,cereals,Food & Drinks,,,,,,,,,,,,,
1433,cereals ready-to-eat,Food & Drinks,,,,,,,,,,,,,
1434,chard,Food & Drinks,,,,,,,,,,,,,
1435,chayote,Food & Drinks,,,,,,,,,,,,,
1436,cheese,Food & Drinks,,,,,,,,,,,,,
1437,cheese food,Food & Drinks,,,,,,,,,,,,,
1438,cheese product,Food & Drinks,,,,,,,,,,,,,
1439,cheese puffs and twists,Food & Drinks,,,,,,,,,,,,,
1440,cheese sauce,Food & Drinks,,,,,,,,,,,,,
1441,cheese spread,Food & Drinks,,,,,,,,,,,,,
1442,cheese substitute,Food & Drinks,,,,,,,,,,,,,
1443,cheesefurter,Food & Drinks,,,,,,,,,,,,,
1444,cherimoya,Food & Drinks,,,,,,,,,,,,,
1445,cherries,Food & Drinks,,,,,,,,,,,,,
1446,cherry juice,Food & Drinks,,,,,,,,,,,,,
1447,chewing gum,Food & Drinks,,,,,,,,,,,,,
1448,chick-fil-a,Food & Drinks,,,,,,,,,,,,,
1449,chicken,Food & Drinks,,,,,,,,,,,,,
1450,chicken breast,Food & Drinks,,,,,,,,,,,,,
1451,chicken breast tenders,Food & Drinks,,,,,,,,,,,,,
1452,chicken patty,Food & Drinks,,,,,,,,,,,,,
1453,chicken pot pie,Food & Drinks,,,,,,,,,,,,,
1454,chicken spread,Food & Drinks,,,,,,,,,,,,,
1455,chicken tenders,Food & Drinks,,,,,,,,,,,,,
1456,chickpea flour (besan),Food & Drinks,,,,,,,,,,,,,
1457,chickpeas (garbanzo beans,Food & Drinks,,,,,,,,,,,,,
1458,chicory,Food & Drinks,,,,,,,,,,,,,
1459,chicory greens,Food & Drinks,,,,,,,,,,,,,
1460,chicory roots,Food & Drinks,,,,,,,,,,,,,
1461,chilchen (red berry beverage) (navajo),Food & Drinks,,,,,,,,,,,,,
1462,child formula,Food & Drinks,,,,,,,,,,,,,
1463,chili,Food & Drinks,,,,,,,,,,,,,
1464,chili con carne with beans,Food & Drinks,,,,,,,,,,,,,
1465,chili with beans,Food & Drinks,,,,,,,,,,,,,
1466,chiton,Food & Drinks,,,,,,,,,,,,,
1467,chives,Food & Drinks,,,,,,,,,,,,,
1468,chocolate,Food & Drinks,,,,,,,,,,,,,
1469,chocolate-flavored hazelnut spread,Food & Drinks,,,,,,,,,,,,,
1470,chokecherries,Food & Drinks,,,,,,,,,,,,,
1471,chrysanthemum,Food & Drinks,,,,,,,,,,,,,
1472,chrysanthemum leaves,Food & Drinks,,,,,,,,,,,,,
1473,cinnamon buns,Food & Drinks,,,,,,,,,,,,,
1474,clementines,Food & Drinks,,,,,,,,,,,,,
1475,clif z bar,Food & Drinks,,,,,,,,,,,,,
1476,cloudberries,Food & Drinks,,,,,,,,,,,,,
1477,cockles,Food & Drinks,,,,,,,,,,,,,
1478,cocoa,Food & Drinks,,,,,,,,,,,,,
1479,cocoa mix,Food & Drinks,,,,,,,,,,,,,
1480,collards,Food & Drinks,,,,,,,,,,,,,
1481,continental mills,Food & Drinks,,,,,,,,,,,,,
1482,cookie,Food & Drinks,,,,,,,,,,,,,
1483,cookies,Food & Drinks,,,,,,,,,,,,,
1484,coriander (cilantro) leaves,Food & Drinks,,,,,,,,,,,,,
1485,corn,Food & Drinks,,,,,,,,,,,,,
1486,corn bran,Food & Drinks,,,,,,,,,,,,,
1487,corn dogs,Food & Drinks,,,,,,,,,,,,,
1488,corn flour,Food & Drinks,,,,,,,,,,,,,
1489,corn grain,Food & Drinks,,,,,,,,,,,,,
1490,corn pudding,Food & Drinks,,,,,,,,,,,,,
1491,corn with red and green peppers,Food & Drinks,,,,,,,,,,,,,
1492,corned beef and potatoes in tortilla (apache),Food & Drinks,,,,,,,,,,,,,
1493,corned beef loaf,Food & Drinks,,,,,,,,,,,,,
1494,cornmeal,Food & Drinks,,,,,,,,,,,,,
1495,cornsalad,Food & Drinks,,,,,,,,,,,,,
1496,cornstarch,Food & Drinks,,,,,,,,,,,,,
1497,couscous,Food & Drinks,,,,,,,,,,,,,
1498,cowpeas,Food & Drinks,,,,,,,,,,,,,
1499,cowpeas (blackeyes),Food & Drinks,,,,,,,,,,,,,
1500,crabapples,Food & Drinks,,,,,,,,,,,,,
1501,cracker,Food & Drinks,,,,,,,,,,,,,
1502,cracker barrel,Food & Drinks,,,,,,,,,,,,,
1503,crackers,Food & Drinks,,,,,,,,,,,,,
1504,cranberries,Food & Drinks,,,,,,,,,,,,,
1505,cranberry,Food & Drinks,,,,,,,,,,,,,
1506,cranberry juice,Food & Drinks,,,,,,,,,,,,,
1507,cranberry juice blend,Food & Drinks,,,,,,,,,,,,,
1508,cranberry juice cocktail,Food & Drinks,,,,,,,,,,,,,
1509,cranberry sauce,Food & Drinks,,,,,,,,,,,,,
1510,cranberry-orange relish,Food & Drinks,,,,,,,,,,,,,
1511,cream,Food & Drinks,,,,,,,,,,,,,
1512,cream puff,Food & Drinks,,,,,,,,,,,,,
1513,cream puff shell,Food & Drinks,,,,,,,,,,,,,
1514,cream substitute,Food & Drinks,,,,,,,,,,,,,
1515,creamy dressing,Food & Drinks,,,,,,,,,,,,,
1516,cress,Food & Drinks,,,,,,,,,,,,,
1517,croissants,Food & Drinks,,,,,,,,,,,,,
1518,croutons,Food & Drinks,,,,,,,,,,,,,
1519,crunchmaster,Food & Drinks,,,,,,,,,,,,,
1520,crustaceans,Food & Drinks,,,,,,,,,,,,,
1521,cucumber,Food & Drinks,,,,,,,,,,,,,
1522,currants,Food & Drinks,,,,,,,,,,,,,
1523,custard-apple,Food & Drinks,,,,,,,,,,,,,
1524,dandelion greens,Food & Drinks,,,,,,,,,,,,,
1525,danish pastry,Food & Drinks,,,,,,,,,,,,,
1526,dates,Food & Drinks,,,,,,,,,,,,,
1527,deer (venison),Food & Drinks,,,,,,,,,,,,,
1528,denny's,Food & Drinks,,,,,,,,,,,,,
1529,dessert topping,Food & Drinks,,,,,,,,,,,,,
1530,desserts,Food & Drinks,,,,,,,,,,,,,
1531,digiorno pizza,Food & Drinks,,,,,,,,,,,,,
1532,dill weed,Food & Drinks,,,,,,,,,,,,,
1533,dip,Food & Drinks,,,,,,,,,,,,,
1534,dock,Food & Drinks,,,,,,,,,,,,,
1535,"domino's 14"" cheese pizza",Food & Drinks,,,,,,,,,,,,,
1536,"domino's 14"" extravaganzza feast pizza",Food & Drinks,,,,,,,,,,,,,
1537,"domino's 14"" pepperoni pizza",Food & Drinks,,,,,,,,,,,,,
1538,"domino's 14"" sausage pizza",Food & Drinks,,,,,,,,,,,,,
1539,doughnuts,Food & Drinks,,,,,,,,,,,,,
1540,dove,Food & Drinks,,,,,,,,,,,,,
1541,dressing,Food & Drinks,,,,,,,,,,,,,
1542,drumstick leaves,Food & Drinks,,,,,,,,,,,,,
1543,drumstick pods,Food & Drinks,,,,,,,,,,,,,
1544,duck,Food & Drinks,,,,,,,,,,,,,
1545,dulce de leche,Food & Drinks,,,,,,,,,,,,,
1546,dumpling,Food & Drinks,,,,,,,,,,,,,
1547,durian,Food & Drinks,,,,,,,,,,,,,
1548,dutch brand loaf,Food & Drinks,,,,,,,,,,,,,
1549,edamame,Food & Drinks,,,,,,,,,,,,,
1550,egg,Food & Drinks,,,,,,,,,,,,,
1551,egg custards,Food & Drinks,,,,,,,,,,,,,
1552,egg rolls,Food & Drinks,,,,,,,,,,,,,
1553,egg substitute,Food & Drinks,,,,,,,,,,,,,
1554,eggnog,Food & Drinks,,,,,,,,,,,,,
1555,eggplant,Food & Drinks,,,,,,,,,,,,,
1556,eggs,Food & Drinks,,,,,,,,,,,,,
1557,elderberries,Food & Drinks,,,,,,,,,,,,,
1558,elk,Food & Drinks,,,,,,,,,,,,,
1559,emu,Food & Drinks,,,,,,,,,,,,,
1560,endive,Food & Drinks,,,,,,,,,,,,,
1561,english muffins,Food & Drinks,,,,,,,,,,,,,
1562,epazote,Food & Drinks,,,,,,,,,,,,,
1563,eppaw,Food & Drinks,,,,,,,,,,,,,
1564,escarole,Food & Drinks,,,,,,,,,,,,,
1565,falafel,Food & Drinks,,,,,,,,,,,,,
1566,fast food,Food & Drinks,,,,,,,,,,,,,
1567,fast foods,Food & Drinks,,,,,,,,,,,,,
1568,fat,Food & Drinks,,,,,,,,,,,,,
1569,fat free ice cream,Food & Drinks,,,,,,,,,,,,,
1570,feijoa,Food & Drinks,,,,,,,,,,,,,
1571,fennel,Food & Drinks,,,,,,,,,,,,,
1572,fiddlehead ferns,Food & Drinks,,,,,,,,,,,,,
1573,figs,Food & Drinks,,,,,,,,,,,,,
1574,fireweed,Food & Drinks,,,,,,,,,,,,,
1575,fish,Food & Drinks,,,,,,,,,,,,,
1576,fish broth,Food & Drinks,,,,,,,,,,,,,
1577,fish oil,Food & Drinks,,,,,,,,,,,,,
1578,flan,Food & Drinks,,,,,,,,,,,,,
1579,fluid replacement,Food & Drinks,,,,,,,,,,,,,
1580,focaccia,Food & Drinks,,,,,,,,,,,,,
1581,formulated bar,Food & Drinks,,,,,,,,,,,,,
1582,frankfurter,Food & Drinks,,,,,,,,,,,,,
1583,french toast,Food & Drinks,,,,,,,,,,,,,
1584,frijoles rojos volteados (refried beans,Food & Drinks,,,,,,,,,,,,,
1585,frog legs,Food & Drinks,,,,,,,,,,,,,
1586,frostings,Food & Drinks,,,,,,,,,,,,,
1587,frozen novelties,Food & Drinks,,,,,,,,,,,,,
1588,frozen yogurts,Food & Drinks,,,,,,,,,,,,,
1589,fruit butters,Food & Drinks,,,,,,,,,,,,,
1590,fruit cocktail,Food & Drinks,,,,,,,,,,,,,
1591,fruit juice smoothie,Food & Drinks,,,,,,,,,,,,,
1592,fruit salad,Food & Drinks,,,,,,,,,,,,,
1593,fruit syrup,Food & Drinks,,,,,,,,,,,,,
1594,frybread,Food & Drinks,,,,,,,,,,,,,
1595,fungi,Food & Drinks,,,,,,,,,,,,,
1596,game meat,Food & Drinks,,,,,,,,,,,,,
1597,game meat ,Food & Drinks,,,,,,,,,,,,,
1598,garlic,Food & Drinks,,,,,,,,,,,,,
1599,garlic bread,Food & Drinks,,,,,,,,,,,,,
1600,gelatin desserts,Food & Drinks,,,,,,,,,,,,,
1601,gelatins,Food & Drinks,,,,,,,,,,,,,
1602,george weston bakeries,Food & Drinks,,,,,,,,,,,,,
1603,ginger root,Food & Drinks,,,,,,,,,,,,,
1604,glutino,Food & Drinks,,,,,,,,,,,,,
1605,goji berries,Food & Drinks,,,,,,,,,,,,,
1606,goose,Food & Drinks,,,,,,,,,,,,,
1607,gooseberries,Food & Drinks,,,,,,,,,,,,,
1608,gourd,Food & Drinks,,,,,,,,,,,,,
1609,granola bar,Food & Drinks,,,,,,,,,,,,,
1610,grape juice,Food & Drinks,,,,,,,,,,,,,
1611,grape leaves,Food & Drinks,,,,,,,,,,,,,
1612,grapefruit,Food & Drinks,,,,,,,,,,,,,
1613,grapefruit juice,Food & Drinks,,,,,,,,,,,,,
1614,grapes,Food & Drinks,,,,,,,,,,,,,
1615,gravy,Food & Drinks,,,,,,,,,,,,,
1616,groundcherries,Food & Drinks,,,,,,,,,,,,,
1617,guanabana nectar,Food & Drinks,,,,,,,,,,,,,
1618,guava nectar,Food & Drinks,,,,,,,,,,,,,
1619,guava sauce,Food & Drinks,,,,,,,,,,,,,
1620,guavas,Food & Drinks,,,,,,,,,,,,,
1621,guinea hen,Food & Drinks,,,,,,,,,,,,,
1622,gums,Food & Drinks,,,,,,,,,,,,,
1623,ham,Food & Drinks,,,,,,,,,,,,,
1624,ham and cheese loaf or roll,Food & Drinks,,,,,,,,,,,,,
1625,ham and cheese spread,Food & Drinks,,,,,,,,,,,,,
1626,ham salad spread,Food & Drinks,,,,,,,,,,,,,
1627,hazelnuts,Food & Drinks,,,,,,,,,,,,,
1628,headcheese,Food & Drinks,,,,,,,,,,,,,
1629,hearts of palm,Food & Drinks,,,,,,,,,,,,,
1630,heinz,Food & Drinks,,,,,,,,,,,,,
1631,hominy,Food & Drinks,,,,,,,,,,,,,
1632,honey,Food & Drinks,,,,,,,,,,,,,
1633,honey roll sausage,Food & Drinks,,,,,,,,,,,,,
1634,hormel,Food & Drinks,,,,,,,,,,,,,
1635,hormel always tender,Food & Drinks,,,,,,,,,,,,,
1636,hormel canadian style bacon,Food & Drinks,,,,,,,,,,,,,
1637,hormel pillow pak sliced turkey pepperoni,Food & Drinks,,,,,,,,,,,,,
1638,horned melon (kiwano),Food & Drinks,,,,,,,,,,,,,
1639,horseradish,Food & Drinks,,,,,,,,,,,,,
1640,hot pockets,Food & Drinks,,,,,,,,,,,,,
1641,hot pockets ham 'n cheese stuffed sandwich,Food & Drinks,,,,,,,,,,,,,
1642,house foods premium firm tofu,Food & Drinks,,,,,,,,,,,,,
1643,house foods premium soft tofu,Food & Drinks,,,,,,,,,,,,,
1644,huckleberries,Food & Drinks,,,,,,,,,,,,,
1645,hummus,Food & Drinks,,,,,,,,,,,,,
1646,hungry man,Food & Drinks,,,,,,,,,,,,,
1647,hush puppies,Food & Drinks,,,,,,,,,,,,,
1648,hyacinth beans,Food & Drinks,,,,,,,,,,,,,
1649,hyacinth-beans,Food & Drinks,,,,,,,,,,,,,
1650,ice cream,Food & Drinks,,,,,,,,,,,,,
1651,ice cream bar,Food & Drinks,,,,,,,,,,,,,
1652,ice cream cone,Food & Drinks,,,,,,,,,,,,,
1653,ice cream cones,Food & Drinks,,,,,,,,,,,,,
1654,ice cream cookie sandwich,Food & Drinks,,,,,,,,,,,,,
1655,ice cream sandwich,Food & Drinks,,,,,,,,,,,,,
1656,ice cream sundae cone,Food & Drinks,,,,,,,,,,,,,
1657,ice creams,Food & Drinks,,,,,,,,,,,,,
1658,imitation cheese,Food & Drinks,,,,,,,,,,,,,
1659,incaparina,Food & Drinks,,,,,,,,,,,,,
1660,infant formula,Food & Drinks,,,,,,,,,,,,,
1661,interstate brands corp,Food & Drinks,,,,,,,,,,,,,
1662,jackfruit,Food & Drinks,,,,,,,,,,,,,
1663,jams,Food & Drinks,,,,,,,,,,,,,
1664,jams and preserves,Food & Drinks,,,,,,,,,,,,,
1665,java-plum,Food & Drinks,,,,,,,,,,,,,
1666,jellies,Food & Drinks,,,,,,,,,,,,,
1667,jellyfish,Food & Drinks,,,,,,,,,,,,,
1668,jerusalem-artichokes,Food & Drinks,,,,,,,,,,,,,
1669,jew's ear,Food & Drinks,,,,,,,,,,,,,
1670,jimmy dean,Food & Drinks,,,,,,,,,,,,,
1671,juice,Food & Drinks,,,,,,,,,,,,,
1672,jujube,Food & Drinks,,,,,,,,,,,,,
1673,jute,Food & Drinks,,,,,,,,,,,,,
1674,kale,Food & Drinks,,,,,,,,,,,,,
1675,kanpyo,Food & Drinks,,,,,,,,,,,,,
1676,keebler,Food & Drinks,,,,,,,,,,,,,
1677,kefir,Food & Drinks,,,,,,,,,,,,,
1678,keikitos (muffins),Food & Drinks,,,,,,,,,,,,,
1679,kfc,Food & Drinks,,,,,,,,,,,,,
1680,kielbasa,Food & Drinks,,,,,,,,,,,,,
1681,kiwifruit,Food & Drinks,,,,,,,,,,,,,
1682,knackwurst,Food & Drinks,,,,,,,,,,,,,
1683,kohlrabi,Food & Drinks,,,,,,,,,,,,,
1684,kraft,Food & Drinks,,,,,,,,,,,,,
1685,kraft breakstone's free fat free sour cream,Food & Drinks,,,,,,,,,,,,,
1686,kraft breakstone's reduced fat sour cream,Food & Drinks,,,,,,,,,,,,,
1687,kraft cheez whiz light pasteurized process cheese product,Food & Drinks,,,,,,,,,,,,,
1688,kraft cheez whiz pasteurized process cheese sauce,Food & Drinks,,,,,,,,,,,,,
1689,kraft foods,Food & Drinks,,,,,,,,,,,,,
1690,kraft free singles american nonfat pasteurized process cheese product,Food & Drinks,,,,,,,,,,,,,
1691,kraft velveeta light reduced fat pasteurized process cheese product,Food & Drinks,,,,,,,,,,,,,
1692,kraft velveeta pasteurized process cheese spread,Food & Drinks,,,,,,,,,,,,,
1693,kumquats,Food & Drinks,,,,,,,,,,,,,
1694,lamb,Food & Drinks,,,,,,,,,,,,,
1695,lambsquarters,Food & Drinks,,,,,,,,,,,,,
1696,lard,Food & Drinks,,,,,,,,,,,,,
1697,lasagna,Food & Drinks,,,,,,,,,,,,,
1698,lasagna with meat & sauce,Food & Drinks,,,,,,,,,,,,,
1699,lasagna with meat sauce,Food & Drinks,,,,,,,,,,,,,
1700,lean pockets,Food & Drinks,,,,,,,,,,,,,
1701,leavening agents,Food & Drinks,,,,,,,,,,,,,
1702,lebanon bologna,Food & Drinks,,,,,,,,,,,,,
1703,leeks,Food & Drinks,,,,,,,,,,,,,
1704,lemon grass (citronella),Food & Drinks,,,,,,,,,,,,,
1705,lemon juice,Food & Drinks,,,,,,,,,,,,,
1706,lemon juice from concentrate,Food & Drinks,,,,,,,,,,,,,
1707,lemon peel,Food & Drinks,,,,,,,,,,,,,
1708,lemonade,Food & Drinks,,,,,,,,,,,,,
1709,lemons,Food & Drinks,,,,,,,,,,,,,
1710,lentils,Food & Drinks,,,,,,,,,,,,,
1711,lettuce,Food & Drinks,,,,,,,,,,,,,
1712,light ice cream,Food & Drinks,,,,,,,,,,,,,
1713,lima beans,Food & Drinks,,,,,,,,,,,,,
1714,lime juice,Food & Drinks,,,,,,,,,,,,,
1715,limeade,Food & Drinks,,,,,,,,,,,,,
1716,limes,Food & Drinks,,,,,,,,,,,,,
1717,litchis,Food & Drinks,,,,,,,,,,,,,
1718,"little caesars 14"" cheese pizza",Food & Drinks,,,,,,,,,,,,,
1719,"little caesars 14"" original round cheese pizza",Food & Drinks,,,,,,,,,,,,,
1720,"little caesars 14"" original round meat and vegetable pizza",Food & Drinks,,,,,,,,,,,,,
1721,"little caesars 14"" original round pepperoni pizza",Food & Drinks,,,,,,,,,,,,,
1722,"little caesars 14"" pepperoni pizza",Food & Drinks,,,,,,,,,,,,,
1723,liver cheese,Food & Drinks,,,,,,,,,,,,,
1724,liver sausage,Food & Drinks,,,,,,,,,,,,,
1725,liverwurst spread,Food & Drinks,,,,,,,,,,,,,
1726,loganberries,Food & Drinks,,,,,,,,,,,,,
1727,longans,Food & Drinks,,,,,,,,,,,,,
1728,loquats,Food & Drinks,,,,,,,,,,,,,
1729,lotus root,Food & Drinks,,,,,,,,,,,,,
1730,luncheon meat,Food & Drinks,,,,,,,,,,,,,
1731,luncheon sausage,Food & Drinks,,,,,,,,,,,,,
1732,luncheon slices,Food & Drinks,,,,,,,,,,,,,
1733,lupins,Food & Drinks,,,,,,,,,,,,,
1734,luxury loaf,Food & Drinks,,,,,,,,,,,,,
1735,macaroni,Food & Drinks,,,,,,,,,,,,,
1736,macaroni and cheese,Food & Drinks,,,,,,,,,,,,,
1737,macaroni and cheese dinner with dry sauce mix,Food & Drinks,,,,,,,,,,,,,
1738,macaroni and cheese loaf,Food & Drinks,,,,,,,,,,,,,
1739,macaroni or noodles with cheese,Food & Drinks,,,,,,,,,,,,,
1740,malabar spinach,Food & Drinks,,,,,,,,,,,,,
1741,malt beverage,Food & Drinks,,,,,,,,,,,,,
1742,mammy-apple,Food & Drinks,,,,,,,,,,,,,
1743,mango,Food & Drinks,,,,,,,,,,,,,
1744,mango nectar,Food & Drinks,,,,,,,,,,,,,
1745,mangos,Food & Drinks,,,,,,,,,,,,,
1746,mangosteen,Food & Drinks,,,,,,,,,,,,,
1747,maraschino cherries,Food & Drinks,,,,,,,,,,,,,
1748,margarine,Food & Drinks,,,,,,,,,,,,,
1749,margarine spread,Food & Drinks,,,,,,,,,,,,,
1750,margarine-like,Food & Drinks,,,,,,,,,,,,,
1751,margarine-like shortening,Food & Drinks,,,,,,,,,,,,,
1752,margarine-like spread,Food & Drinks,,,,,,,,,,,,,
1753,margarine-like spread with yogurt,Food & Drinks,,,,,,,,,,,,,
1754,margarine-like vegetable-oil spread,Food & Drinks,,,,,,,,,,,,,
1755,marmalade,Food & Drinks,,,,,,,,,,,,,
1756,martha white foods,Food & Drinks,,,,,,,,,,,,,
1757,mary's gone crackers,Food & Drinks,,,,,,,,,,,,,
1758,mashu roots,Food & Drinks,,,,,,,,,,,,,
1759,mayonnaise,Food & Drinks,,,,,,,,,,,,,
1760,mayonnaise dressing,Food & Drinks,,,,,,,,,,,,,
1761,mcdonald's,Food & Drinks,,,,,,,,,,,,,
1762,mcdonald's bacon ranch salad with crispy chicken,Food & Drinks,,,,,,,,,,,,,
1763,mckee baking,Food & Drinks,,,,,,,,,,,,,
1764,meat extender,Food & Drinks,,,,,,,,,,,,,
1765,meatballs,Food & Drinks,,,,,,,,,,,,,
1766,melon,Food & Drinks,,,,,,,,,,,,,
1767,melon balls,Food & Drinks,,,,,,,,,,,,,
1768,melons,Food & Drinks,,,,,,,,,,,,,
1769,milk,Food & Drinks,,,,,,,,,,,,,
1770,milk and cereal bar,Food & Drinks,,,,,,,,,,,,,
1771,milk dessert,Food & Drinks,,,,,,,,,,,,,
1772,milk dessert bar,Food & Drinks,,,,,,,,,,,,,
1773,milk shakes,Food & Drinks,,,,,,,,,,,,,
1774,milk substitutes,Food & Drinks,,,,,,,,,,,,,
1775,millet,Food & Drinks,,,,,,,,,,,,,
1776,millet flour,Food & Drinks,,,,,,,,,,,,,
1777,miso,Food & Drinks,,,,,,,,,,,,,
1778,mission foods,Food & Drinks,,,,,,,,,,,,,
1779,molasses,Food & Drinks,,,,,,,,,,,,,
1780,mollusks,Food & Drinks,,,,,,,,,,,,,
1781,moose,Food & Drinks,,,,,,,,,,,,,
1782,mori-nu,Food & Drinks,,,,,,,,,,,,,
1783,mortadella,Food & Drinks,,,,,,,,,,,,,
1784,mothbeans,Food & Drinks,,,,,,,,,,,,,
1785,mother's loaf,Food & Drinks,,,,,,,,,,,,,
1786,mountain yam,Food & Drinks,,,,,,,,,,,,,
1787,mouse nuts,Food & Drinks,,,,,,,,,,,,,
1788,muffin,Food & Drinks,,,,,,,,,,,,,
1789,muffins,Food & Drinks,,,,,,,,,,,,,
1790,mulberries,Food & Drinks,,,,,,,,,,,,,
1791,mung beans,Food & Drinks,,,,,,,,,,,,,
1792,mungo beans,Food & Drinks,,,,,,,,,,,,,
1793,mush,Food & Drinks,,,,,,,,,,,,,
1794,mushroom,Food & Drinks,,,,,,,,,,,,,
1795,mushrooms,Food & Drinks,,,,,,,,,,,,,
1796,mustard,Food & Drinks,,,,,,,,,,,,,
1797,mustard greens,Food & Drinks,,,,,,,,,,,,,
1798,mustard spinach,Food & Drinks,,,,,,,,,,,,,
1799,mutton,Food & Drinks,,,,,,,,,,,,,
1800,nabisco,Food & Drinks,,,,,,,,,,,,,
1801,nance,Food & Drinks,,,,,,,,,,,,,
1802,naranjilla (lulo) pulp,Food & Drinks,,,,,,,,,,,,,
1803,natto,Food & Drinks,,,,,,,,,,,,,
1804,nectarines,Food & Drinks,,,,,,,,,,,,,
1805,new zealand spinach,Food & Drinks,,,,,,,,,,,,,
1806,noodles,Food & Drinks,,,,,,,,,,,,,
1807,nopales,Food & Drinks,,,,,,,,,,,,,
1808,nutritional supplement for people with diabetes,Food & Drinks,,,,,,,,,,,,,
1809,nuts,Food & Drinks,,,,,,,,,,,,,
1810,oat bran,Food & Drinks,,,,,,,,,,,,,
1811,oat flour,Food & Drinks,,,,,,,,,,,,,
1812,oats (includes foods for usda's food distribution program),Food & Drinks,,,,,,,,,,,,,
1813,octopus (alaska native),Food & Drinks,,,,,,,,,,,,,
1814,oheloberries,Food & Drinks,,,,,,,,,,,,,
1815,oil,Food & Drinks,,,,,,,,,,,,,
1816,okara,Food & Drinks,,,,,,,,,,,,,
1817,okra,Food & Drinks,,,,,,,,,,,,,
1818,olive garden,Food & Drinks,,,,,,,,,,,,,
1819,olive loaf,Food & Drinks,,,,,,,,,,,,,
1820,olives,Food & Drinks,,,,,,,,,,,,,
1821,on the border,Food & Drinks,,,,,,,,,,,,,
1822,onion rings,Food & Drinks,,,,,,,,,,,,,
1823,onions,Food & Drinks,,,,,,,,,,,,,
1824,oopah (tunicate),Food & Drinks,,,,,,,,,,,,,
1825,orange juice,Food & Drinks,,,,,,,,,,,,,
1826,orange peel,Food & Drinks,,,,,,,,,,,,,
1827,orange pineapple juice blend,Food & Drinks,,,,,,,,,,,,,
1828,orange-grapefruit juice,Food & Drinks,,,,,,,,,,,,,
1829,oranges,Food & Drinks,,,,,,,,,,,,,
1830,oscar mayer,Food & Drinks,,,,,,,,,,,,,
1831,ostrich,Food & Drinks,,,,,,,,,,,,,
1832,owl,Food & Drinks,,,,,,,,,,,,,
1833,pan dulce,Food & Drinks,,,,,,,,,,,,,
1834,pancakes,Food & Drinks,,,,,,,,,,,,,
1835,pancakes plain,Food & Drinks,,,,,,,,,,,,,
1836,"papa john's 14"" cheese pizza",Food & Drinks,,,,,,,,,,,,,
1837,"papa john's 14"" pepperoni pizza",Food & Drinks,,,,,,,,,,,,,
1838,"papa john's 14"" the works pizza",Food & Drinks,,,,,,,,,,,,,
1839,papad,Food & Drinks,,,,,,,,,,,,,
1840,papaya,Food & Drinks,,,,,,,,,,,,,
1841,papaya nectar,Food & Drinks,,,,,,,,,,,,,
1842,papayas,Food & Drinks,,,,,,,,,,,,,
1843,parmesan cheese topping,Food & Drinks,,,,,,,,,,,,,
1844,parsley,Food & Drinks,,,,,,,,,,,,,
1845,parsnips,Food & Drinks,,,,,,,,,,,,,
1846,passion-fruit,Food & Drinks,,,,,,,,,,,,,
1847,passion-fruit juice,Food & Drinks,,,,,,,,,,,,,
1848,pasta,Food & Drinks,,,,,,,,,,,,,
1849,pasta mix,Food & Drinks,,,,,,,,,,,,,
1850,pasta with sliced franks in tomato sauce,Food & Drinks,,,,,,,,,,,,,
1851,pasta with tomato sauce,Food & Drinks,,,,,,,,,,,,,
1852,pastrami,Food & Drinks,,,,,,,,,,,,,
1853,pastry,Food & Drinks,,,,,,,,,,,,,
1854,pate,Food & Drinks,,,,,,,,,,,,,
1855,pate de foie gras,Food & Drinks,,,,,,,,,,,,,
1856,peach nectar,Food & Drinks,,,,,,,,,,,,,
1857,peaches,Food & Drinks,,,,,,,,,,,,,
1858,peanut butter,Food & Drinks,,,,,,,,,,,,,
1859,peanut butter with omega-3,Food & Drinks,,,,,,,,,,,,,
1860,peanut flour,Food & Drinks,,,,,,,,,,,,,
1861,peanut spread,Food & Drinks,,,,,,,,,,,,,
1862,peanuts,Food & Drinks,,,,,,,,,,,,,
1863,pear nectar,Food & Drinks,,,,,,,,,,,,,
1864,pears,Food & Drinks,,,,,,,,,,,,,
1865,peas,Food & Drinks,,,,,,,,,,,,,
1866,peas and carrots,Food & Drinks,,,,,,,,,,,,,
1867,peas and onions,Food & Drinks,,,,,,,,,,,,,
1868,pectin,Food & Drinks,,,,,,,,,,,,,
1869,pepeao,Food & Drinks,,,,,,,,,,,,,
1870,pepper,Food & Drinks,,,,,,,,,,,,,
1871,peppered loaf,Food & Drinks,,,,,,,,,,,,,
1872,pepperidge farm,Food & Drinks,,,,,,,,,,,,,
1873,peppermint,Food & Drinks,,,,,,,,,,,,,
1874,pepperoni,Food & Drinks,,,,,,,,,,,,,
1875,peppers,Food & Drinks,,,,,,,,,,,,,
1876,persimmons,Food & Drinks,,,,,,,,,,,,,
1877,pheasant,Food & Drinks,,,,,,,,,,,,,
1878,phyllo dough,Food & Drinks,,,,,,,,,,,,,
1879,pickle and pimiento loaf,Food & Drinks,,,,,,,,,,,,,
1880,pickle relish,Food & Drinks,,,,,,,,,,,,,
1881,pickles,Food & Drinks,,,,,,,,,,,,,
1882,picnic loaf,Food & Drinks,,,,,,,,,,,,,
1883,pie,Food & Drinks,,,,,,,,,,,,,
1884,pie crust,Food & Drinks,,,,,,,,,,,,,
1885,pie fillings,Food & Drinks,,,,,,,,,,,,,
1886,pigeon peas (red gram),Food & Drinks,,,,,,,,,,,,,
1887,pigeonpeas,Food & Drinks,,,,,,,,,,,,,
1888,piki bread,Food & Drinks,,,,,,,,,,,,,
1889,pillsbury,Food & Drinks,,,,,,,,,,,,,
1890,pillsbury golden layer buttermilk biscuits,Food & Drinks,,,,,,,,,,,,,
1891,pillsbury grands,Food & Drinks,,,,,,,,,,,,,
1892,pimento,Food & Drinks,,,,,,,,,,,,,
1893,pineapple,Food & Drinks,,,,,,,,,,,,,
1894,pineapple juice,Food & Drinks,,,,,,,,,,,,,
1895,pinon nuts,Food & Drinks,,,,,,,,,,,,,
1896,pitanga,Food & Drinks,,,,,,,,,,,,,
1897,pizza,Food & Drinks,,,,,,,,,,,,,
1898,pizza hut,Food & Drinks,,,,,,,,,,,,,
1899,"pizza hut 12"" cheese pizza",Food & Drinks,,,,,,,,,,,,,
1900,"pizza hut 12"" pepperoni pizza",Food & Drinks,,,,,,,,,,,,,
1901,"pizza hut 12"" super supreme pizza",Food & Drinks,,,,,,,,,,,,,
1902,"pizza hut 14"" cheese pizza",Food & Drinks,,,,,,,,,,,,,
1903,"pizza hut 14"" pepperoni pizza",Food & Drinks,,,,,,,,,,,,,
1904,"pizza hut 14"" sausage pizza",Food & Drinks,,,,,,,,,,,,,
1905,"pizza hut 14"" super supreme pizza",Food & Drinks,,,,,,,,,,,,,
1906,pizza rolls,Food & Drinks,,,,,,,,,,,,,
1907,plantains,Food & Drinks,,,,,,,,,,,,,
1908,plums,Food & Drinks,,,,,,,,,,,,,
1909,poi,Food & Drinks,,,,,,,,,,,,,
1910,pokeberry shoots,Food & Drinks,,,,,,,,,,,,,
1911,polish sausage,Food & Drinks,,,,,,,,,,,,,
1912,pomegranate juice,Food & Drinks,,,,,,,,,,,,,
1913,pomegranates,Food & Drinks,,,,,,,,,,,,,
1914,popcorn,Food & Drinks,,,,,,,,,,,,,
1915,popeyes,Food & Drinks,,,,,,,,,,,,,
1916,popovers,Food & Drinks,,,,,,,,,,,,,
1917,pork,Food & Drinks,,,,,,,,,,,,,
1918,pork loin,Food & Drinks,,,,,,,,,,,,,
1919,pork sausage,Food & Drinks,,,,,,,,,,,,,
1920,pork sausage rice links,Food & Drinks,,,,,,,,,,,,,
1921,potato chips,Food & Drinks,,,,,,,,,,,,,
1922,potato flour,Food & Drinks,,,,,,,,,,,,,
1923,potato pancakes,Food & Drinks,,,,,,,,,,,,,
1924,potato puffs,Food & Drinks,,,,,,,,,,,,,
1925,potato salad,Food & Drinks,,,,,,,,,,,,,
1926,potato salad with egg,Food & Drinks,,,,,,,,,,,,,
1927,potato soup,Food & Drinks,,,,,,,,,,,,,
1928,potato wedges,Food & Drinks,,,,,,,,,,,,,
1929,potatoes,Food & Drinks,,,,,,,,,,,,,
1930,potsticker or wonton,Food & Drinks,,,,,,,,,,,,,
1931,poultry,Food & Drinks,,,,,,,,,,,,,
1932,poultry salad sandwich spread,Food & Drinks,,,,,,,,,,,,,
1933,prairie turnips,Food & Drinks,,,,,,,,,,,,,
1934,pretzels,Food & Drinks,,,,,,,,,,,,,
1935,prickly pears,Food & Drinks,,,,,,,,,,,,,
1936,protein supplement,Food & Drinks,,,,,,,,,,,,,
1937,prune juice,Food & Drinks,,,,,,,,,,,,,
1938,prune puree,Food & Drinks,,,,,,,,,,,,,
1939,prunes,Food & Drinks,,,,,,,,,,,,,
1940,pudding,Food & Drinks,,,,,,,,,,,,,
1941,puddings,Food & Drinks,,,,,,,,,,,,,
1942,puff pastry,Food & Drinks,,,,,,,,,,,,,
1943,pulled pork in barbecue sauce,Food & Drinks,,,,,,,,,,,,,
1944,pummelo,Food & Drinks,,,,,,,,,,,,,
1945,pumpkin,Food & Drinks,,,,,,,,,,,,,
1946,pumpkin flowers,Food & Drinks,,,,,,,,,,,,,
1947,pumpkin leaves,Food & Drinks,,,,,,,,,,,,,
1948,pumpkin pie mix,Food & Drinks,,,,,,,,,,,,,
1949,purslane,Food & Drinks,,,,,,,,,,,,,
1950,quail,Food & Drinks,,,,,,,,,,,,,
1951,quinces,Food & Drinks,,,,,,,,,,,,,
1952,quinoa,Food & Drinks,,,,,,,,,,,,,
1953,radicchio,Food & Drinks,,,,,,,,,,,,,
1954,radish seeds,Food & Drinks,,,,,,,,,,,,,
1955,radishes,Food & Drinks,,,,,,,,,,,,,
1956,raisins,Food & Drinks,,,,,,,,,,,,,
1957,rambutan,Food & Drinks,,,,,,,,,,,,,
1958,raspberries,Food & Drinks,,,,,,,,,,,,,
1959,raspberry juice concentrate,Food & Drinks,,,,,,,,,,,,,
1960,ravioli,Food & Drinks,,,,,,,,,,,,,
1961,reddi wip fat free whipped topping,Food & Drinks,,,,,,,,,,,,,
1962,refried beans,Food & Drinks,,,,,,,,,,,,,
1963,rennin,Food & Drinks,,,,,,,,,,,,,
1964,restaurant,Food & Drinks,,,,,,,,,,,,,
1965,rhubarb,Food & Drinks,,,,,,,,,,,,,
1966,rice,Food & Drinks,,,,,,,,,,,,,
1967,rice and vermicelli mix,Food & Drinks,,,,,,,,,,,,,
1968,rice and wheat cereal bar,Food & Drinks,,,,,,,,,,,,,
1969,rice bowl with chicken,Food & Drinks,,,,,,,,,,,,,
1970,rice bran,Food & Drinks,,,,,,,,,,,,,
1971,rice cake,Food & Drinks,,,,,,,,,,,,,
1972,rice crackers,Food & Drinks,,,,,,,,,,,,,
1973,rice flour,Food & Drinks,,,,,,,,,,,,,
1974,rice mix,Food & Drinks,,,,,,,,,,,,,
1975,rice noodles,Food & Drinks,,,,,,,,,,,,,
1976,rice-a-roni,Food & Drinks,,,,,,,,,,,,,
1977,roast beef,Food & Drinks,,,,,,,,,,,,,
1978,roast beef spread,Food & Drinks,,,,,,,,,,,,,
1979,rolls,Food & Drinks,,,,,,,,,,,,,
1980,rose hips,Food & Drinks,,,,,,,,,,,,,
1981,rose-apples,Food & Drinks,,,,,,,,,,,,,
1982,roselle,Food & Drinks,,,,,,,,,,,,,
1983,rosemary,Food & Drinks,,,,,,,,,,,,,
1984,rowal,Food & Drinks,,,,,,,,,,,,,
1985,ruby red grapefruit juice blend (grapefruit,Food & Drinks,,,,,,,,,,,,,
1986,rudi's,Food & Drinks,,,,,,,,,,,,,
1987,ruffed grouse,Food & Drinks,,,,,,,,,,,,,
1988,rutabagas,Food & Drinks,,,,,,,,,,,,,
1989,rye flour,Food & Drinks,,,,,,,,,,,,,
1990,rye grain,Food & Drinks,,,,,,,,,,,,,
1991,sage valley,Food & Drinks,,,,,,,,,,,,,
1992,salad dressing,Food & Drinks,,,,,,,,,,,,,
1993,salami,Food & Drinks,,,,,,,,,,,,,
1994,salisbury steak with gravy,Food & Drinks,,,,,,,,,,,,,
1995,salmon,Food & Drinks,,,,,,,,,,,,,
1996,salmon nuggets,Food & Drinks,,,,,,,,,,,,,
1997,salmonberries,Food & Drinks,,,,,,,,,,,,,
1998,salsify,Food & Drinks,,,,,,,,,,,,,
1999,salt,Food & Drinks,,,,,,,,,,,,,
2000,sandwich spread,Food & Drinks,,,,,,,,,,,,,
2001,sapodilla,Food & Drinks,,,,,,,,,,,,,
2002,sapote,Food & Drinks,,,,,,,,,,,,,
2003,sauce,Food & Drinks,,,,,,,,,,,,,
2004,sauerkraut,Food & Drinks,,,,,,,,,,,,,
2005,sausage,Food & Drinks,,,,,,,,,,,,,
2006,schar,Food & Drinks,,,,,,,,,,,,,
2007,schiff,Food & Drinks,,,,,,,,,,,,,
2008,school lunch,Food & Drinks,,,,,,,,,,,,,
2009,scrapple,Food & Drinks,,,,,,,,,,,,,
2010,sea cucumber,Food & Drinks,,,,,,,,,,,,,
2011,sea lion,Food & Drinks,,,,,,,,,,,,,
2012,seal,Food & Drinks,,,,,,,,,,,,,
2013,seasoning mix,Food & Drinks,,,,,,,,,,,,,
2014,seaweed,Food & Drinks,,,,,,,,,,,,,
2015,seeds,Food & Drinks,,,,,,,,,,,,,
2016,semolina,Food & Drinks,,,,,,,,,,,,,
2017,sesbania flower,Food & Drinks,,,,,,,,,,,,,
2018,shake,Food & Drinks,,,,,,,,,,,,,
2019,shallots,Food & Drinks,,,,,,,,,,,,,
2020,sherbet,Food & Drinks,,,,,,,,,,,,,
2021,shortening,Food & Drinks,,,,,,,,,,,,,
2022,shortening bread,Food & Drinks,,,,,,,,,,,,,
2023,shortening cake mix,Food & Drinks,,,,,,,,,,,,,
2024,shortening confectionery,Food & Drinks,,,,,,,,,,,,,
2025,shortening frying (heavy duty),Food & Drinks,,,,,,,,,,,,,
2026,shortening household soybean (hydrogenated) and palm,Food & Drinks,,,,,,,,,,,,,
2027,shortening industrial,Food & Drinks,,,,,,,,,,,,,
2028,silk banana-strawberry soy yogurt,Food & Drinks,,,,,,,,,,,,,
2029,silk black cherry soy yogurt,Food & Drinks,,,,,,,,,,,,,
2030,silk blueberry soy yogurt,Food & Drinks,,,,,,,,,,,,,
2031,silk chai,Food & Drinks,,,,,,,,,,,,,
2032,silk chocolate,Food & Drinks,,,,,,,,,,,,,
2033,silk coffee,Food & Drinks,,,,,,,,,,,,,
2034,silk french vanilla creamer,Food & Drinks,,,,,,,,,,,,,
2035,silk hazelnut creamer,Food & Drinks,,,,,,,,,,,,,
2036,silk key lime soy yogurt,Food & Drinks,,,,,,,,,,,,,
2037,silk light chocolate,Food & Drinks,,,,,,,,,,,,,
2038,silk light plain,Food & Drinks,,,,,,,,,,,,,
2039,silk light vanilla,Food & Drinks,,,,,,,,,,,,,
2040,silk mocha,Food & Drinks,,,,,,,,,,,,,
2041,silk nog,Food & Drinks,,,,,,,,,,,,,
2042,silk original creamer,Food & Drinks,,,,,,,,,,,,,
2043,silk peach soy yogurt,Food & Drinks,,,,,,,,,,,,,
2044,silk plain,Food & Drinks,,,,,,,,,,,,,
2045,silk plain soy yogurt,Food & Drinks,,,,,,,,,,,,,
2046,silk plus fiber,Food & Drinks,,,,,,,,,,,,,
2047,silk plus for bone health,Food & Drinks,,,,,,,,,,,,,
2048,silk plus omega-3 dha,Food & Drinks,,,,,,,,,,,,,
2049,silk raspberry soy yogurt,Food & Drinks,,,,,,,,,,,,,
2050,silk strawberry soy yogurt,Food & Drinks,,,,,,,,,,,,,
2051,silk unsweetened,Food & Drinks,,,,,,,,,,,,,
2052,silk vanilla,Food & Drinks,,,,,,,,,,,,,
2053,silk vanilla soy yogurt (family size),Food & Drinks,,,,,,,,,,,,,
2054,silk vanilla soy yogurt (single serving size),Food & Drinks,,,,,,,,,,,,,
2055,silk very vanilla,Food & Drinks,,,,,,,,,,,,,
2056,smart soup,Food & Drinks,,,,,,,,,,,,,
2057,smelt,Food & Drinks,,,,,,,,,,,,,
2058,snack,Food & Drinks,,,,,,,,,,,,,
2059,snacks,Food & Drinks,,,,,,,,,,,,,
2060,sorghum flour,Food & Drinks,,,,,,,,,,,,,
2061,sorghum grain,Food & Drinks,,,,,,,,,,,,,
2062,soup,Food & Drinks,,,,,,,,,,,,,
2063,sour cream,Food & Drinks,,,,,,,,,,,,,
2064,sour dressing,Food & Drinks,,,,,,,,,,,,,
2065,sourdock,Food & Drinks,,,,,,,,,,,,,
2066,soursop,Food & Drinks,,,,,,,,,,,,,
2067,soy flour,Food & Drinks,,,,,,,,,,,,,
2068,soy meal,Food & Drinks,,,,,,,,,,,,,
2069,soy protein concentrate,Food & Drinks,,,,,,,,,,,,,
2070,soy protein isolate,Food & Drinks,,,,,,,,,,,,,
2071,soy sauce,Food & Drinks,,,,,,,,,,,,,
2072,soy sauce made from hydrolyzed vegetable protein,Food & Drinks,,,,,,,,,,,,,
2073,soy sauce made from soy (tamari),Food & Drinks,,,,,,,,,,,,,
2074,soy sauce made from soy and wheat (shoyu),Food & Drinks,,,,,,,,,,,,,
2075,soybean,Food & Drinks,,,,,,,,,,,,,
2076,soybeans,Food & Drinks,,,,,,,,,,,,,
2077,soymilk,Food & Drinks,,,,,,,,,,,,,
2078,soymilk (all flavors),Food & Drinks,,,,,,,,,,,,,
2079,spaghetti,Food & Drinks,,,,,,,,,,,,,
2080,spaghetti with meat sauce,Food & Drinks,,,,,,,,,,,,,
2081,spanish rice mix,Food & Drinks,,,,,,,,,,,,,
2082,spearmint,Food & Drinks,,,,,,,,,,,,,
2083,spelt,Food & Drinks,,,,,,,,,,,,,
2084,spices,Food & Drinks,,,,,,,,,,,,,
2085,spinach,Food & Drinks,,,,,,,,,,,,,
2086,spinach souffle,Food & Drinks,,,,,,,,,,,,,
2087,split pea soup,Food & Drinks,,,,,,,,,,,,,
2088,split pea with ham soup,Food & Drinks,,,,,,,,,,,,,
2089,squab,Food & Drinks,,,,,,,,,,,,,
2090,squash,Food & Drinks,,,,,,,,,,,,,
2091,squirrel,Food & Drinks,,,,,,,,,,,,,
2092,steelhead trout,Food & Drinks,,,,,,,,,,,,,
2093,stew,Food & Drinks,,,,,,,,,,,,,
2094,stew/soup,Food & Drinks,,,,,,,,,,,,,
2095,stinging nettles,Food & Drinks,,,,,,,,,,,,,
2096,strawberries,Food & Drinks,,,,,,,,,,,,,
2097,strawberry-flavor beverage mix,Food & Drinks,,,,,,,,,,,,,
2098,strudel,Food & Drinks,,,,,,,,,,,,,
2099,subway,Food & Drinks,,,,,,,,,,,,,
2100,succotash,Food & Drinks,,,,,,,,,,,,,
2101,sugar,Food & Drinks,,,,,,,,,,,,,
2102,sugar-apples,Food & Drinks,,,,,,,,,,,,,
2103,sugars,Food & Drinks,,,,,,,,,,,,,
2104,sweet potato,Food & Drinks,,,,,,,,,,,,,
2105,sweet potato leaves,Food & Drinks,,,,,,,,,,,,,
2106,sweet potato puffs,Food & Drinks,,,,,,,,,,,,,
2107,sweet potatoes,Food & Drinks,,,,,,,,,,,,,
2108,sweet rolls,Food & Drinks,,,,,,,,,,,,,
2109,sweetener,Food & Drinks,,,,,,,,,,,,,
2110,sweeteners,Food & Drinks,,,,,,,,,,,,,
2111,swisswurst,Food & Drinks,,,,,,,,,,,,,
2112,syrup,Food & Drinks,,,,,,,,,,,,,
2113,syrups,Food & Drinks,,,,,,,,,,,,,
2114,t.g.i. friday's,Food & Drinks,,,,,,,,,,,,,
2115,taco bell,Food & Drinks,,,,,,,,,,,,,
2116,taco shells,Food & Drinks,,,,,,,,,,,,,
2117,tamales,Food & Drinks,,,,,,,,,,,,,
2118,tamales (navajo),Food & Drinks,,,,,,,,,,,,,
2119,tamarind nectar,Food & Drinks,,,,,,,,,,,,,
2120,tamarinds,Food & Drinks,,,,,,,,,,,,,
2121,tangerine juice,Food & Drinks,,,,,,,,,,,,,
2122,tangerines,Food & Drinks,,,,,,,,,,,,,
2123,tapioca,Food & Drinks,,,,,,,,,,,,,
2124,taquitos,Food & Drinks,,,,,,,,,,,,,
2125,taro,Food & Drinks,,,,,,,,,,,,,
2126,taro leaves,Food & Drinks,,,,,,,,,,,,,
2127,taro shoots,Food & Drinks,,,,,,,,,,,,,
2128,tart,Food & Drinks,,,,,,,,,,,,,
2129,tea,Food & Drinks,,,,,,,,,,,,,
2130,teff,Food & Drinks,,,,,,,,,,,,,
2131,tempeh,Food & Drinks,,,,,,,,,,,,,
2132,tennis bread,Food & Drinks,,,,,,,,,,,,,
2133,thuringer,Food & Drinks,,,,,,,,,,,,,
2134,thyme,Food & Drinks,,,,,,,,,,,,,
2135,toaster pastries,Food & Drinks,,,,,,,,,,,,,
2136,toddler drink,Food & Drinks,,,,,,,,,,,,,
2137,toddler formula,Food & Drinks,,,,,,,,,,,,,
2138,tofu,Food & Drinks,,,,,,,,,,,,,
2139,tofu yogurt,Food & Drinks,,,,,,,,,,,,,
2140,tomatillos,Food & Drinks,,,,,,,,,,,,,
2141,tomato and vegetable juice,Food & Drinks,,,,,,,,,,,,,
2142,tomato juice,Food & Drinks,,,,,,,,,,,,,
2143,tomato powder,Food & Drinks,,,,,,,,,,,,,
2144,tomato products,Food & Drinks,,,,,,,,,,,,,
2145,tomato sauce,Food & Drinks,,,,,,,,,,,,,
2146,tomatoes,Food & Drinks,,,,,,,,,,,,,
2147,topping,Food & Drinks,,,,,,,,,,,,,
2148,toppings,Food & Drinks,,,,,,,,,,,,,
2149,tortellini,Food & Drinks,,,,,,,,,,,,,
2150,tortilla,Food & Drinks,,,,,,,,,,,,,
2151,tortilla chips,Food & Drinks,,,,,,,,,,,,,
2152,tortillas,Food & Drinks,,,,,,,,,,,,,
2153,tostada shells,Food & Drinks,,,,,,,,,,,,,
2154,tree fern,Food & Drinks,,,,,,,,,,,,,
2155,triticale,Food & Drinks,,,,,,,,,,,,,
2156,triticale flour,Food & Drinks,,,,,,,,,,,,,
2157,turkey,Food & Drinks,,,,,,,,,,,,,
2158,turkey and gravy,Food & Drinks,,,,,,,,,,,,,
2159,turkey breast,Food & Drinks,,,,,,,,,,,,,
2160,turkey from whole,Food & Drinks,,,,,,,,,,,,,
2161,turkey pot pie,Food & Drinks,,,,,,,,,,,,,
2162,turkey roast,Food & Drinks,,,,,,,,,,,,,
2163,turkey sticks,Food & Drinks,,,,,,,,,,,,,
2164,turkey thigh,Food & Drinks,,,,,,,,,,,,,
2165,turnip greens,Food & Drinks,,,,,,,,,,,,,
2166,turnip greens and turnips,Food & Drinks,,,,,,,,,,,,,
2167,turnips,Food & Drinks,,,,,,,,,,,,,
2168,turnover,Food & Drinks,,,,,,,,,,,,,
2169,turtle,Food & Drinks,,,,,,,,,,,,,
2170,udi's,Food & Drinks,,,,,,,,,,,,,
2171,van's,Food & Drinks,,,,,,,,,,,,,
2172,vanilla extract,Food & Drinks,,,,,,,,,,,,,
2173,veal,Food & Drinks,,,,,,,,,,,,,
2174,vegetable juice,Food & Drinks,,,,,,,,,,,,,
2175,vegetable juice cocktail,Food & Drinks,,,,,,,,,,,,,
2176,vegetable oil,Food & Drinks,,,,,,,,,,,,,
2177,vegetable oil-butter spread,Food & Drinks,,,,,,,,,,,,,
2178,vegetables,Food & Drinks,,,,,,,,,,,,,
2179,vegetarian fillets,Food & Drinks,,,,,,,,,,,,,
2180,vegetarian meatloaf or patties,Food & Drinks,,,,,,,,,,,,,
2181,veggie burgers or soyburgers,Food & Drinks,,,,,,,,,,,,,
2182,vermicelli,Food & Drinks,,,,,,,,,,,,,
2183,vinegar,Food & Drinks,,,,,,,,,,,,,
2184,vinespinach,Food & Drinks,,,,,,,,,,,,,
2185,vital wheat gluten,Food & Drinks,,,,,,,,,,,,,
2186,vitasoy usa,Food & Drinks,,,,,,,,,,,,,
2187,vitasoy usa azumaya,Food & Drinks,,,,,,,,,,,,,
2188,vitasoy usa nasoya,Food & Drinks,,,,,,,,,,,,,
2189,vitasoy usa organic nasoya,Food & Drinks,,,,,,,,,,,,,
2190,vitasoy usa organic nasoya sprouted,Food & Drinks,,,,,,,,,,,,,
2191,waffle,Food & Drinks,,,,,,,,,,,,,
2192,waffles,Food & Drinks,,,,,,,,,,,,,
2193,walrus,Food & Drinks,,,,,,,,,,,,,
2194,wasabi,Food & Drinks,,,,,,,,,,,,,
2195,water,Food & Drinks,,,,,,,,,,,,,
2196,water convolvulus,Food & Drinks,,,,,,,,,,,,,
2197,waterchestnuts,Food & Drinks,,,,,,,,,,,,,
2198,watercress,Food & Drinks,,,,,,,,,,,,,
2199,watermelon,Food & Drinks,,,,,,,,,,,,,
2200,waxgourd,Food & Drinks,,,,,,,,,,,,,
2201,wend'ys,Food & Drinks,,,,,,,,,,,,,
2202,wendy's,Food & Drinks,,,,,,,,,,,,,
2203,whale,Food & Drinks,,,,,,,,,,,,,
2204,wheat,Food & Drinks,,,,,,,,,,,,,
2205,wheat bran,Food & Drinks,,,,,,,,,,,,,
2206,wheat flour,Food & Drinks,,,,,,,,,,,,,
2207,wheat flours,Food & Drinks,,,,,,,,,,,,,
2208,wheat germ,Food & Drinks,,,,,,,,,,,,,
2209,whey,Food & Drinks,,,,,,,,,,,,,
2210,whipped cream substitute,Food & Drinks,,,,,,,,,,,,,
2211,whipped topping,Food & Drinks,,,,,,,,,,,,,
2212,whiskey sour mix,Food & Drinks,,,,,,,,,,,,,
2213,wild rice,Food & Drinks,,,,,,,,,,,,,
2214,willow,Food & Drinks,,,,,,,,,,,,,
2215,winged bean,Food & Drinks,,,,,,,,,,,,,
2216,winged bean leaves,Food & Drinks,,,,,,,,,,,,,
2217,winged bean tuber,Food & Drinks,,,,,,,,,,,,,
2218,winged beans,Food & Drinks,,,,,,,,,,,,,
2219,wocas,Food & Drinks,,,,,,,,,,,,,
2220,wonton wrappers (includes egg roll wrappers),Food & Drinks,,,,,,,,,,,,,
2221,yachtwurst,Food & Drinks,,,,,,,,,,,,,
2222,yam,Food & Drinks,,,,,,,,,,,,,
2223,yambean (jicama),Food & Drinks,,,,,,,,,,,,,
2224,yardlong bean,Food & Drinks,,,,,,,,,,,,,
2225,yardlong beans,Food & Drinks,,,,,,,,,,,,,
2226,yautia (tannier),Food & Drinks,,,,,,,,,,,,,
2227,yeast extract spread,Food & Drinks,,,,,,,,,,,,,
2228,yellow rice with seasoning,Food & Drinks,,,,,,,,,,,,,
2229,yogurt,Food & Drinks,,,,,,,,,,,,,
2230,yogurt parfait,Food & Drinks,,,,,,,,,,,,,
2231,yokan,Food & Drinks,,,,,,,,,,,,,
2232,zwieback,Food & Drinks,,,,,,,,,,,,,
