t_c_ID,t_c_name,condition_ID,treatment_ID,citation_url,matches,,
1, acacia for complex regional pain syndrome,87,5, http://www.herbalremedies.com/rsd.html,600,,
2, acacia for constipation,88,5, https://www.ncbi.nlm.nih.gov/pmc/articles/PMC4415970/,138,,
3, acacia for gastritis,132,5, https://www.ncbi.nlm.nih.gov/pmc/articles/PMC3925854/,215,,
4, acacia for gastritis,132,5, https://www.ncbi.nlm.nih.gov/pmc/articles/PMC3925854/,215,,
5, acacia for inguinal hernia,172,5, http://www.herbalremedies.com/hernia1.html,586,,
6, acacia for mooren's ulcer,225,5, https://www.ncbi.nlm.nih.gov/pmc/articles/PMC3495394/,164,,
7, acacia for rheumatic fever,309,5, http://www.herbalremedies.com/rheumaticfever.html,604,,
8, acacia for rheumatic fever,309,5, http://www.herbalremedies.com/rheumaticfever.html,604,,
9, acai for angina,20,6, http://www.bhia.org/herbal-supplements/heart-and-blood.htm,186,,
10, acai for bladder cancer,63,6, http://www.raysahelian.com/bladdercancer.html,138,,
11, acai for bladder cancer,63,6, http://www.raysahelian.com/bladdercancer.html,138,,
12, acai for carditis,74,6, https://www.eatthis.com/what-to-eat-to-stay-young/,239,,
13, acai for celiac disease,76,6, http://vkool.com/foods-for-celiac-disease/,243,,
14, acai for celiac disease,76,6, http://vkool.com/foods-for-celiac-disease/,243,,
15, acai for complex regional pain syndrome,87,6, http://www.herbalremedies.com/rsd.html,600,,
16, acai for inguinal hernia,172,6, http://www.herbalremedies.com/hernia1.html,586,,
17, acai for juvenile polyposis syndrome,179,6, https://duckduckgo.com/?q=best+Food%20and%20Drinks+for+juvenile%20polyposis%20syndrome+research&ia=web,7,,
18, acai for rheumatic fever,309,6, http://www.herbalremedies.com/rheumaticfever.html,604,,
19, acai for rheumatic fever,309,6, http://www.herbalremedies.com/rheumaticfever.html,604,,
20, acai for sarcoidosis,313,6, https://www.inspire.com/groups/stop-sarcoidosis/discussion/vitamin-mineral-supplements-for-people-with-sarcoid/,92,,
21, acai for systemic lupus erythematosus (sle),332,6, https://preventivehealthadvisor.com/systemic-lupus-erythematosus/,77,,
22, acerola for complex regional pain syndrome,87,7, http://www.herbalremedies.com/rsd.html,600,,
23, acerola for esophageal cancer,121,7, https://www.rightdiagnosis.com/e/esophagus_cancer/alternative.htm,86,,
24, acerola for gastrontestinal stromal tumor - gist,134,7, https://www.rightdiagnosis.com/g/gastrointestinal_stromal_tumors/alternative.htm,87,,
25, acerola for inguinal hernia,172,7, http://www.herbalremedies.com/hernia1.html,586,,
26, acerola for rheumatic fever,309,7, http://www.herbalremedies.com/rheumaticfever.html,604,,
27, acerola for rheumatic fever,309,7, http://www.herbalremedies.com/rheumaticfever.html,604,,
28, acerola for sarcoma,314,7, https://www.rightdiagnosis.com/s/soft_tissue_sarcoma/alternative.htm,87,,
29, acerola for sarcoma - kaposi,315,7, https://www.rightdiagnosis.com/s/soft_tissue_sarcoma/alternative.htm,87,,
30, acerola for uterine (endometrial) cancer,352,7, https://www.rightdiagnosis.com/u/uterine_cancer/alternative.htm,86,,
31, aconite for angina,20,13, https://www.rightdiagnosis.com/a/angina/alternative.htm,90,,
32, aconite for autoimmune thrombocytopenic purpura,49,13, https://www.alwaysayurveda.net/2018/02/idiopathic-thrombocytopenic-purpura-alternative-treatment.html,88,,
33, aconite for complex regional pain syndrome,87,13, http://www.herbalremedies.com/rsd.html,600,,
34, aconite for gonococcal arthritis,141,13, https://www.healthline.com/health/rheumatoid-arthritis/ultimate-guide-herbs-vitamins-supplements,195,,
35, aconite for inguinal hernia,172,13, http://www.herbalremedies.com/hernia1.html,586,,
36, aconite for morphea,226,13, https://ndnr.com/cardiopulmonary-medicine/morphea-effective-treatment-with-homeopathy/,21,,
37, aconite for myelodysplastic syndrome (mds),231,13, https://www.alwaysayurveda.net/2012/11/diet-chart-in-myelodysplastic-syndrome.html,65,,
38, aconite for panic attacks,255,13, http://holisticonline.com/Remedies/Anxiety/anx_panic_alternative_therapies.htm,112,,
39, aconite for pheochromocytoma,270,13, https://www.alwaysayurveda.net/2012/10/pheochromocytoma-causessymptomstreatmen.html,27,,
40, aconite for retroperitoneal fibrosis,307,13, https://www.alwaysayurveda.net/2017/04/herbal-treatment-for-retroperitoneal-fibrosis-obstructive-uropathy.html,16,,
41, aconite for rhematoid arthritis,308,13, https://www.healthline.com/health/rheumatoid-arthritis/ultimate-guide-herbs-vitamins-supplements,195,,
42, aconite for rheumatic fever,309,13, http://www.herbalremedies.com/rheumaticfever.html,604,,
43, aconite for rheumatic fever,309,13, http://www.herbalremedies.com/rheumaticfever.html,604,,
44, aconite for rheumatic fever,309,13, https://hpathy.com/cause-symptoms-treatment/rheumatic-fever/,25,,
45, aconite for subacute bacterial endocarditis,327,13, http://pennstatehershey.adam.com/content.aspx?productId=107&pid=33&gid=000057,76,,
46, aconite for thrombocytopenia,335,13, https://www.alwaysayurveda.net/2018/02/idiopathic-thrombocytopenic-purpura-alternative-treatment.html,87,,
47, activated charcoal for autoimmune hemolytic anemia,36,15, https://www.dogfoodadvisor.com/forums/topic/hemolytic-anemia/,59,,
48, activated charcoal for autoimmune hemolytic anemia,36,15, https://www.dogfoodadvisor.com/forums/topic/hemolytic-anemia/,59,,
49, activated charcoal for autoimmune pancreatitis,43,15, https://beatingpancreatitis.com/pancreatitis-supplements-for-pancreas-healing/,1880,,
50, activated charcoal for barrett's esophagus,55,15, https://earthclinic.com/ailments/barretts-esophagus-remedies/,678,,
51, activated charcoal for barrett's esophagus,55,15, https://earthclinic.com/ailments/barretts-esophagus-remedies/,678,,
52, activated charcoal for eosinophilic esophagitis,117,15, https://earthclinic.com/ailments/eosinophilic-esophagitis-treatment/,439,,
53, activated charcoal for foodborne illnesses,128,15, http://www.natural-homeremedies.com/home-remedies-for-food-borne-diseases/,105,,
54, activated charcoal for foodborne illnesses,128,15, http://pennstatehershey.adam.com/content.aspx?productId=107&pid=33&gid=000064,125,,
55, activated charcoal for gestational pemphigoid,137,15, https://nwhjournal.org/article/S1751-4851(15)30053-2/fulltext,23,,
56, activated charcoal for pancreatitis,254,15, https://beatingpancreatitis.com/pancreatitis-supplements-for-pancreas-healing/,1880,,
57, activated charcoal for sarcoma,314,15, https://thetruthaboutcancer.com/what-is-sarcoma-cancer/,80,,
58, activated charcoal for sarcoma - kaposi,315,15, https://thetruthaboutcancer.com/what-is-sarcoma-cancer/,80,,
59, acupressure for acid reflux (ger & gerd) ,2,16, https://draxe.com/acid-reflux-diet/,155,,
60, acupressure for angina,20,16, http://www.bhia.org/herbal-supplements/heart-and-blood.htm,186,,
61, acupressure for angina,20,16, https://www.rightdiagnosis.com/a/angina/alternative.htm,90,,
62, acupressure for ankylosing spondylitis,21,16, https://www.rightdiagnosis.com/a/ankylosing_spondylitis/alternative.htm,47,,
63, acupressure for ankylosing spondylitis,21,16, https://www.rightdiagnosis.com/a/ankylosing_spondylitis/alternative.htm,47,,
64, acupressure for antisynthetase syndrome,27,16, https://www.prevention.com/life/a20434786/alternative-therapies-that-heal-health-problems/,75,,
65, acupressure for appendicitis,30,16, https://www.top10homeremedies.com/home-remedies/home-remedies-for-appendicitis.html,116,,
66, acupressure for ataxia-telangiectasia,31,16, https://greatist.com/health/alternative-medicine-therapies-explained,45,,
67, acupressure for autoimmune retinopathy,48,16, https://www.lupusuk.org.uk/medical/gp-guide/treatment-of-lupus/complementary-medicine/,192,,
68, acupressure for cardiovascular disease,73,16, https://www.ncbi.nlm.nih.gov/pmc/articles/PMC3654705/,239,,
69, acupressure for carditis,74,16, https://www.hindawi.com/journals/ecam/2013/672097/,203,,
70, acupressure for cogan syndrome,83,16, https://www.prevention.com/life/a20434786/alternative-therapies-that-heal-health-problems/,75,,
71, acupressure for colon polyps,85,16, https://www.doctorshealthpress.com/cancer-articles/top-8-colon-cancer-fighting-foods/,181,,
72, acupressure for colon polyps,85,16, https://www.doctorshealthpress.com/cancer-articles/top-8-colon-cancer-fighting-foods/,181,,
73, acupressure for complex regional pain syndrome,87,16, https://www.burningnightscrps.org/sufferers/crps-rsd-treatments/,84,,
74, acupressure for constipation,88,16, https://www.ncbi.nlm.nih.gov/pmc/articles/PMC4433664/,221,,
75, acupressure for coronary artery disease,89,16, https://www.ncbi.nlm.nih.gov/pmc/articles/PMC3654705/,245,,
76, acupressure for crest syndrome,91,16, https://www.prevention.com/life/a20434786/alternative-therapies-that-heal-health-problems/,75,,
77, acupressure for cyclic vomiting syndrome,95,16, https://www.wikihow.com/Treat-Cyclical-Vomiting-Syndrome,20,,
78, acupressure for depression,98,16, https://articles.mercola.com/sites/articles/archive/2017/11/02/depression-alternative-treatments.aspx,45,,
79, acupressure for diabetes,101,16, https://www.ncbi.nlm.nih.gov/pmc/articles/PMC3249697/,243,,
80, acupressure for diabetes mellitus type 1,102,16, https://www.ncbi.nlm.nih.gov/pmc/articles/PMC3249697/,209,,
81, acupressure for endometriosis,114,16, https://www.ncbi.nlm.nih.gov/pmc/articles/PMC3950373/,378,,
82, acupressure for esophageal cancer,121,16, https://www.rightdiagnosis.com/e/esophagus_cancer/alternative.htm,86,,
83, acupressure for essential mixed cryoglobulinemia,122,16, https://greatist.com/health/alternative-medicine-therapies-explained,45,,
84, acupressure for felty syndrome,124,16, https://www.prevention.com/life/a20434786/alternative-therapies-that-heal-health-problems/,75,,
85, acupressure for gallstones,129,16, https://www.top10homeremedies.com/home-remedies/home-remedies-gallstones.html,400,,
86, acupressure for gastrontestinal stromal tumor - gist,134,16, https://www.rightdiagnosis.com/g/gastrointestinal_stromal_tumors/alternative.htm,87,,
87, acupressure for goiters,140,16, https://www.top10homeremedies.com/home-remedies/home-remedies-goiter.html,123,,
88, acupressure for guillainâ€“barrã© syndrome,149,16, https://www.healthtap.com/topics/alternative-treatments-for-guillain-barre-syndrome,8,,
89, acupressure for hyperthyroidism,163,16, https://duckduckgo.com/?q=best+Alternative%20Therapies+for+hyperthyroidism+research&ia=web,9,,
90, acupressure for indigestion (dyspepsia),170,16, https://draxe.com/acid-reflux-diet/,155,,
91, acupressure for inguinal hernia,172,16, http://herniaremediation.org/2017/10/how-to-heal-an-inguinal-hernia-naturally-without-surgery/,61,,
92, acupressure for myasthenia gravis,230,16, https://www.burhaninatural.com/myasthenia-gravis/,89,,
93, acupressure for neuromyotonia,237,16, https://www.ncbi.nlm.nih.gov/pmc/articles/PMC2687850/,92,,
94, acupressure for osteoarthritis,244,16, https://www.ncbi.nlm.nih.gov/pmc/articles/PMC3857560/,326,,
95, acupressure for ovarian cancer,249,16, https://www.hopkinsmedicine.org/kimmel_cancer_center/centers/ovarian/patient_information/support_services/alternative_medicine.html,139,,
96, acupressure for parathyroid cancer,258,16, https://www.ncbi.nlm.nih.gov/pmc/articles/PMC4332115/,195,,
97, acupressure for poems syndrome,275,16, http://phoenixtools.org/alternative-therapy-tourette-syndrome/,21,,
98, acupressure for polycystic ovary syndrome,277,16, https://www.ncbi.nlm.nih.gov/pmc/articles/PMC4012377/,121,,
99, acupressure for postmyocardial infarction syndrome,282,16, https://www.hindawi.com/journals/ecam/2013/672097/,203,,
100, acupressure for prediabetes,285,16, https://www.ncbi.nlm.nih.gov/pmc/articles/PMC3249697/,230,,
101, acupressure for psoriasis,292,16, https://edzardernst.com/2018/09/alternative-therapies-for-psoriasis-a-poor-review-in-a-top-journal/,94,,
102, acupressure for psoriatic arthritis,293,16, https://www.medicalnewstoday.com/articles/316926.php,68,,
103, acupressure for psoriatic arthritis,293,16, https://www.medicalnewstoday.com/articles/316926.php,68,,
104, acupressure for repetitive strain injury,304,16, https://www.naturalhealthnews.uk/article/qa-repetitive-strain-injury/,53,,
105, acupressure for restless leg syndrome,305,16, https://medicinesnaturally.com/restless-leg-syndrome-acupuncture-and-other-treatments/,47,,
106, acupressure for sarcoma,314,16, https://www.rightdiagnosis.com/s/soft_tissue_sarcoma/alternative.htm,87,,
107, acupressure for sarcoma - kaposi,315,16, https://www.rightdiagnosis.com/s/soft_tissue_sarcoma/alternative.htm,87,,
108, acupressure for short bowel syndrome,319,16, https://www.ncbi.nlm.nih.gov/pmc/articles/PMC4433664/,218,,
109, acupressure for systemic lupus erythematosus,331,16, https://www.lupusuk.org.uk/medical/gp-guide/treatment-of-lupus/complementary-medicine/,192,,
110, acupressure for thyroid cancer,337,16, https://www.ncbi.nlm.nih.gov/pmc/articles/PMC3783927/,41,,
111, acupressure for thyroid cancer,337,16, https://www.ncbi.nlm.nih.gov/pmc/articles/PMC3783927/,41,,
112, acupressure for transverse myelitis,343,16, http://drnissani.net/MNISSANI/SE/RossiTM.htm,803,,
113, acupressure for type 1 diabetes,345,16, https://www.ncbi.nlm.nih.gov/pmc/articles/PMC3249697/,235,,
114, acupressure for type 2 diabetes,346,16, https://www.ncbi.nlm.nih.gov/pmc/articles/PMC3249697/,232,,
115, acupressure for uterine (endometrial) cancer,352,16, https://www.rightdiagnosis.com/u/uterine_cancer/alternative.htm,86,,
116, acupressure for vaginal cancer,353,16, https://www.ncbi.nlm.nih.gov/pmc/articles/PMC4332115/,215,,
117, acupressure for vascular disease,354,16, https://www.ncbi.nlm.nih.gov/pmc/articles/PMC3654705/,239,,
118, acupuncture for abdominal adhesions,1,19, https://healthfully.com/1011994-alternative-medicine-ibs.html,47,,
119, acupuncture for acid reflux (ger & gerd) ,2,19, https://draxe.com/acid-reflux-diet/,155,,
120, acupuncture for acid reflux (ger & gerd) ,2,19, https://www.healthline.com/health/gerd/alternative-treatment,49,,
121, acupuncture for acute disseminated encephalomyelitis,4,19, https://www.acutedisseminatedencephalomyelitis.org/t/hyperbaric-o2-chamber-and-acupuncture-for-adem-tm/215,12,,
122, acupuncture for acute motor axonal neuropathy,5,19, https://draxe.com/guillain-barre-syndrome/,63,,
123, acupuncture for addison's disease,6,19, https://www.organicfacts.net/home-remedies/addisons-disease.html,41,,
124, acupuncture for addison's disease,6,19, https://www.organicfacts.net/home-remedies/addisons-disease.html,41,,
125, acupuncture for adrenal cancer,10,19, https://www.mayoclinic.org/diseases-conditions/cancer/in-depth/cancer-treatment/art-20047246,99,,
126, acupuncture for adrenal disorders,11,19, https://www.ncbi.nlm.nih.gov/pmc/articles/PMC3660126/,316,,
127, acupuncture for adrenal fatigue,12,19, https://holisticprimarycare.net/topics/topics-a-g/chronic-disease/1241-herbal-options-for-managing-adrenal-fatigue.html,71,,
128, acupuncture for adrenal gland cancer,13,19, https://www.mskcc.org/blog/truth-behind-three-natural-cures,106,,
129, acupuncture for alopecia areata,15,19, http://leansecrets.com/how-to-heal-alopecia-areata/,82,,
130, acupuncture for alopecia areata,15,19, https://www.researchgate.net/publication/40678859_Complementary_and_Alternative_Medicine_in_Alopecia_Areata,108,,
131, acupuncture for anal cancer,17,19, https://www.mayoclinic.org/diseases-conditions/cancer/in-depth/cancer-treatment/art-20047246,99,,
132, acupuncture for angina,20,19, https://www.rightdiagnosis.com/a/angina/alternative.htm,90,,
133, acupuncture for ankylosing spondylitis,21,19, https://www.rightdiagnosis.com/a/ankylosing_spondylitis/alternative.htm,47,,
134, acupuncture for ankylosing spondylitis,21,19, https://www.rightdiagnosis.com/a/ankylosing_spondylitis/alternative.htm,47,,
135, acupuncture for antiphospholipid syndrome,26,19, http://www.thetole.org/APSHughesSyndromeTreatmentCure.html#.XOR7p80pCM8,73,,
136, acupuncture for antisynthetase syndrome,27,19, https://www.prevention.com/life/a20434786/alternative-therapies-that-heal-health-problems/,75,,
137, acupuncture for ataxia-telangiectasia,31,19, https://greatist.com/health/alternative-medicine-therapies-explained,45,,
138, acupuncture for atypical mole syndrome,32,19, https://www.verywellhealth.com/natural-treatments-for-chronic-fatigue-syndrome-88222,57,,
139, acupuncture for autoimmune hepatitis,37,19, https://autoimmunewellness.com/the-best-diet-for-autoimmune-disease-2/,117,,
140, acupuncture for autoimmune lymphoproliferative syndrome,39,19, https://holisticthyroidcare.net/irritable-bowel-syndrome-ibs/,82,,
141, acupuncture for autoimmune retinopathy,48,19, https://www.lupusuk.org.uk/medical/gp-guide/treatment-of-lupus/complementary-medicine/,192,,
142, acupuncture for autoimmune thyroiditis,50,19, http://www.leehealth.org/HealthInformation/Complementary%20and%20Alternative%20Medicine/33/000164.htm,109,,
143, acupuncture for back pain,53,19, https://www.daocloud.com/back-pain/holistic-therapies-for-back-pain,88,,
144, acupuncture for behã§et's disease,57,19, https://inflammatoryboweldisease.net/treatment/complementary-and-alternative-therapies/,40,,
145, acupuncture for bickerstaff's encephalitis,59,19, http://www.thetole.org/EncephalitisBrainTreatmentCure.html#.XOShoc0pCM8,76,,
146, acupuncture for bipolar,61,19, http://ibpf.org/blog/how-food-changed-bipolar-disorder-me,154,,
147, acupuncture for bipolar,61,19, https://www.ncbi.nlm.nih.gov/pmc/articles/PMC3660126/,316,,
148, acupuncture for breast cancer,67,19, https://www.mayoclinic.org/diseases-conditions/cancer/in-depth/cancer-treatment/art-20047246,99,,
149, acupuncture for breast cancer in men,68,19, https://www.mayoclinic.org/diseases-conditions/cancer/in-depth/cancer-treatment/art-20047246,99,,
150, acupuncture for cardiotoxicity,72,19, https://www.mayoclinic.org/diseases-conditions/cancer/in-depth/cancer-treatment/art-20047246,99,,
151, acupuncture for cardiovascular disease,73,19, https://www.ncbi.nlm.nih.gov/pmc/articles/PMC3654705/,239,,
152, acupuncture for carditis,74,19, https://www.hindawi.com/journals/ecam/2013/672097/,203,,
153, acupuncture for carpal tunnel syndrome,75,19, https://www.carpal-tunnel.net/treatments/alternatives,81,,
154, acupuncture for cervical cancer,78,19, https://www.mayoclinic.org/diseases-conditions/cancer/in-depth/cancer-treatment/art-20047246,99,,
155, acupuncture for chronic fatigue syndrome,79,19, https://draxe.com/chronic-fatigue-syndrome/,119,,
156, acupuncture for chronic fatigue syndrome,79,19, https://www.ncbi.nlm.nih.gov/pmc/articles/PMC3201900/,120,,
157, acupuncture for cogan syndrome,83,19, https://www.prevention.com/life/a20434786/alternative-therapies-that-heal-health-problems/,75,,
158, acupuncture for colon polyps,85,19, https://www.doctorshealthpress.com/cancer-articles/top-8-colon-cancer-fighting-foods/,181,,
159, acupuncture for colon polyps,85,19, https://www.doctorshealthpress.com/cancer-articles/top-8-colon-cancer-fighting-foods/,181,,
160, acupuncture for colorectal cancer,86,19, https://www.mayoclinic.org/diseases-conditions/cancer/in-depth/cancer-treatment/art-20047246,99,,
161, acupuncture for complex regional pain syndrome,87,19, https://www.burningnightscrps.org/sufferers/crps-rsd-treatments/,84,,
162, acupuncture for constipation,88,19, https://www.ncbi.nlm.nih.gov/pmc/articles/PMC4433664/,221,,
163, acupuncture for coronary artery disease,89,19, https://www.ncbi.nlm.nih.gov/pmc/articles/PMC3654705/,245,,
164, acupuncture for crest syndrome,91,19, https://www.prevention.com/life/a20434786/alternative-therapies-that-heal-health-problems/,75,,
165, acupuncture for crohn's disease,92,19, https://www.ampfloracel.com/blog/crohns-disease-symptoms-causes-relief/,111,,
166, acupuncture for crohn's disease,92,19, https://www.everydayhealth.com/hs/crohns-disease-treatment-management/complementary-alternative-therapies-for-crohns/,55,,
167, acupuncture for crohn's disease,92,19, https://www.ampfloracel.com/blog/crohns-disease-symptoms-causes-relief/,111,,
168, acupuncture for crohn's disease,92,19, https://www.everydayhealth.com/hs/crohns-disease-treatment-management/complementary-alternative-therapies-for-crohns/,55,,
169, acupuncture for cushing's syndrome,94,19, https://draxe.com/cushings-disease/,65,,
170, acupuncture for cushing's syndrome,94,19, http://cushings-help.com/treatments-altermative.htm,112,,
171, acupuncture for de quervain's thyroiditis,96,19, http://www.thetole.org/DeQuervainsTenosynovitisTreatmentCure.html#.XOT4nc0pCM8,74,,
172, acupuncture for depression,98,19, https://articles.mercola.com/sites/articles/archive/2015/04/27/10-stress-relieving-superfoods.aspx,117,,
173, acupuncture for depression,98,19, https://articles.mercola.com/sites/articles/archive/2017/11/02/depression-alternative-treatments.aspx,45,,
174, acupuncture for diabetes,101,19, https://www.medicalnewstoday.com/articles/317051.php,98,,
175, acupuncture for diabetes,101,19, https://www.ncbi.nlm.nih.gov/pmc/articles/PMC3249697/,243,,
176, acupuncture for diabetes mellitus type 1,102,19, https://www.ncbi.nlm.nih.gov/pmc/articles/PMC3249697/,209,,
177, acupuncture for diarrhea,103,19, https://www.stlukes-stl.com/health-content/medicine/33/000050.htm,122,,
178, acupuncture for diffuse idiopathic skeletal hyperostosis (dish),104,19, http://connection.ebscohost.com/c/articles/7402215/acupuncture-back-pain-patient-forestiers-disease-diffuse-idiopathic-skeletal-hyperostosis-dish,38,,
179, acupuncture for discoid lupus erythematosus,105,19, http://raysahelian.com/lupus.html,123,,
180, acupuncture for dissociative disorders,106,19, https://www.healthyplace.com/depression/articles/alternative-approaches-to-mental-health-treatment,26,,
181, acupuncture for ductal carcinoma,109,19, https://www.ncbi.nlm.nih.gov/pmc/articles/PMC3842867/,35,,
182, acupuncture for endometrial cancer,113,19, https://www.mayoclinic.org/diseases-conditions/cancer/in-depth/cancer-treatment/art-20047246,99,,
183, acupuncture for endometriosis,114,19, https://www.ncbi.nlm.nih.gov/pmc/articles/PMC3950373/,378,,
184, acupuncture for eosinophilic esophagitis,117,19, http://drlisawatson.com/eosinophilic-esophagitis,49,,
185, acupuncture for esophageal cancer,121,19, https://www.rightdiagnosis.com/e/esophagus_cancer/alternative.htm,86,,
186, acupuncture for essential mixed cryoglobulinemia,122,19, https://greatist.com/health/alternative-medicine-therapies-explained,45,,
187, acupuncture for evans syndrome,123,19, https://www.ncbi.nlm.nih.gov/pmc/articles/PMC2642499/,167,,
188, acupuncture for felty syndrome,124,19, https://www.prevention.com/life/a20434786/alternative-therapies-that-heal-health-problems/,75,,
189, acupuncture for fibromyalgia,125,19, https://www.medicalnewstoday.com/articles/315393.php,48,,
190, acupuncture for fibromyalgia,125,19, https://www.medicalnewstoday.com/articles/315393.php,48,,
191, acupuncture for foodborne illnesses,128,19, http://pennstatehershey.adam.com/content.aspx?productId=107&pid=33&gid=000064,125,,
192, acupuncture for gas,130,19, https://www.ncbi.nlm.nih.gov/pmc/articles/PMC2642499/,159,,
193, acupuncture for gastritis,132,19, https://universityhealthnews.com/daily/digestive-health/gastritis-diet-healing-the-inside-from-the-outside/,438,,
194, acupuncture for gastritis,132,19, https://universityhealthnews.com/daily/digestive-health/gastritis-diet-healing-the-inside-from-the-outside/,438,,
195, acupuncture for gastrontestinal stromal tumor - gist,134,19, https://www.rightdiagnosis.com/g/gastrointestinal_stromal_tumors/alternative.htm,87,,
196, acupuncture for gastroparesis,135,19, https://www.askdrmaxwell.com/2014/06/treat-gastroparesis-naturally/,110,,
197, acupuncture for gestational diabetes,136,19, https://www.medicalnewstoday.com/articles/317051.php,98,,
198, acupuncture for gestational pemphigoid,137,19, https://www.medicalnewstoday.com/articles/317051.php,98,,
199, acupuncture for giant cell arteritis,139,19, https://draxe.com/temporal-arteritis-how-to-manage-with-6-natural-remedies/,96,,
200, acupuncture for goiters,140,19, https://www.top10homeremedies.com/home-remedies/home-remedies-goiter.html,123,,
201, acupuncture for gonococcal arthritis,141,19, https://sciencebasedmedicine.org/alternative-arthritis-treatments/,62,,
202, acupuncture for goodpasture syndrome,142,19, http://www.naturalcurefor.com/goodpastures-syndrome/in/westons-mills/new-york,13,,
203, acupuncture for growth disorders,147,19, https://duckduckgo.com/?q=best+Alternative%20Therapies+for+growth%20disorders+research&ia=web,7,,
204, acupuncture for guillainâ€“barrã© syndrome,149,19, https://www.healthtap.com/topics/alternative-treatments-for-guillain-barre-syndrome,8,,
205, acupuncture for hyperthyroidism,163,19, https://duckduckgo.com/?q=best+Alternative%20Therapies+for+hyperthyroidism+research&ia=web,9,,
206, acupuncture for igg4-related systemic disease,168,19, https://www.kaleidoscopefightinglupus.org/alternative-lupus-treatments-and-therapies/,78,,
207, acupuncture for indigestion (dyspepsia),170,19, https://draxe.com/acid-reflux-diet/,155,,
208, acupuncture for intermediate uveitis,173,19, https://www.stlukes-stl.com/health-content/medicine/33/000171.htm,54,,
209, acupuncture for interstitial cystitis,174,19, http://bladder-help.com/top-10-foods-drinks-avoid-interstitial-cystitis/,43,,
210, acupuncture for intestinal pseudo-obstruction,175,19, https://duckduckgo.com/?q=best+Alternative%20Therapies+for+intestinal%20pseudo-obstruction+research&ia=web,5,,
211, acupuncture for irritable bowel syndrome (ibs),176,19, https://duckduckgo.com/?q=best+Alternative%20Therapies+for+irritable%20bowel%20syndrome%20(ibs)+research&ia=web,16,,
212, acupuncture for juvenile arthritis,178,19, https://duckduckgo.com/?q=best+Supplements+for+juvenile%20arthritis+research&ia=web,20,,
213, acupuncture for juvenile polyposis syndrome,179,19, https://duckduckgo.com/?q=best+Alternative%20Therapies+for+juvenile%20polyposis%20syndrome+research&ia=web,8,,
214, acupuncture for juvenille rheumatoid arthritis (jra),180,19, https://www.webmd.com/rheumatoid-arthritis/understanding-juvenile-rheumatoid-arthritis-treatment#1,4,,
215, acupuncture for kawasaki's disease,181,19, https://duckduckgo.com/?q=best+Alternative%20Therapies+for+kawasaki%27s%20disease+research&ia=web,8,,
216, acupuncture for ligneous conjunctivitis,197,19, https://duckduckgo.com/?q=best+Alternative%20Therapies+for+ligneous%20conjunctivitis+research&ia=web,4,,
217, acupuncture for liver cancer,199,19, https://duckduckgo.com/?q=best+Alternative+Therapies+for+liver+cancer+research&ia=web,9,,
218, acupuncture for lung cancer,203,19, https://duckduckgo.com/?q=Research+in+Alternative%20Therapies+for+lung%20cancer&ia=web,6,,
219, acupuncture for mã©nã©trierâ€™s disease,211,19, https://duckduckgo.com/?q=Research+in+Alternative%20Therapies+for+m%C3%A3%C2%A9n%C3%A3%C2%A9trier%C3%A2%E2%82%AC%E2%84%A2s%20disease&ia=web,6,,
220, acupuncture for meningioma,216,19, https://www.thejoyofwellness.net/meningiomas-natural-treatment-herbs-and-healing/,35,,
221, acupuncture for microscopic colitis,219,19, https://health.howstuffworks.com/wellness/natural-medicine/alternative/alternative-medicines-for-colitis.htm,44,,
222, acupuncture for microscopic colitis,219,19, https://www.healthcmi.com/Acupuncture-Continuing-Education-News/811-colitis62,35,,
223, acupuncture for mood disorders,224,19, https://www.ncbi.nlm.nih.gov/pmc/articles/PMC3660126/,308,,
224, acupuncture for mood disorders,224,19, https://www.ncbi.nlm.nih.gov/pmc/articles/PMC3660126/,308,,
225, acupuncture for mooren's ulcer,225,19, https://www.ncbi.nlm.nih.gov/pmc/articles/PMC3495394/,164,,
226, acupuncture for myocarditis,232,19, https://draxe.com/myocarditis/,62,,
227, acupuncture for myocarditis,232,19, https://www.ncbi.nlm.nih.gov/pmc/articles/PMC3155696/,295,,
228, acupuncture for myocarditis,232,19, https://www.ncbi.nlm.nih.gov/pmc/articles/PMC3155696/,297,,
229, acupuncture for nasopharyngeal cancer,234,19, https://www.realnatural.org/can-chinese-herbal-medicine-successfully-treat-cancer-the-research-says-yes/,34,,
230, acupuncture for neuromyelitis optica,236,19, https://healthjade.com/neuromyelitis-optica/,16,,
231, acupuncture for obesity,238,19, https://www.ncbi.nlm.nih.gov/pmc/articles/PMC4386228/,214,,
232, acupuncture for ocd,239,19, http://ocdrp.org/about-ocd/complementary-and-non-conventionalalternative-therapies/,137,,
233, acupuncture for optic neuritis,241,19, https://draxe.com/optic-neuritis/,74,,
234, acupuncture for optic neuritis,241,19, https://draxe.com/optic-neuritis/,74,,
235, acupuncture for optic neuritis,241,19, https://www.medindia.net/homeremedies/optic-neuritis.asp,128,,
236, acupuncture for oral cancer,242,19, https://www.mayoclinic.org/diseases-conditions/cancer/in-depth/cancer-treatment/art-20047246,99,,
237, acupuncture for ord's thyroiditis,243,19, https://www.natural-holistic-health.com/alternative-treatments-hypothyroidism/,83,,
238, acupuncture for osteoarthritis,244,19, https://www.ncbi.nlm.nih.gov/pmc/articles/PMC3857560/,326,,
239, acupuncture for ovarian cancer,249,19, https://www.hopkinsmedicine.org/kimmel_cancer_center/centers/ovarian/patient_information/support_services/alternative_medicine.html,139,,
240, acupuncture for pancreatic cancer,252,19, https://pancreatica.org/pancreatic-cancer/pancreatic-cancer-alternative-complementary-holistic-treatment/,29,,
241, acupuncture for pancreatic neuroendocrine tumors,253,19, https://pancreatica.org/pancreatic-cancer/pancreatic-cancer-alternative-complementary-holistic-treatment/,29,,
242, acupuncture for pancreatitis,254,19, https://www.stlukes-stl.com/health-content/medicine/33/000122.htm,112,,
243, acupuncture for panic attacks,255,19, http://holisticonline.com/Remedies/Anxiety/anx_panic_alternative_therapies.htm,112,,
244, acupuncture for papillary thyroid cancer,256,19, https://www.inspire.com/groups/thyca-thyroid-cancer-survivors-association/discussion/alternative-therapy-for-papillary-ca/,86,,
245, acupuncture for parathyroid cancer,258,19, https://draxe.com/hyperparathyroidism/,162,,
246, acupuncture for parathyroid cancer,258,19, https://www.ncbi.nlm.nih.gov/pmc/articles/PMC4332115/,195,,
247, acupuncture for parsonage-turner syndrome,261,19, https://www.ncbi.nlm.nih.gov/pmc/articles/PMC2642499/,153,,
248, acupuncture for penile cancer,264,19, https://www.mayoclinic.org/diseases-conditions/cancer/in-depth/cancer-treatment/art-20047246,99,,
249, acupuncture for peptic ulcers (stomach ulcers),265,19, http://se3.adam.com/content.aspx?productId=107&isArticleLink=false&pid=33&gid=000125,144,,
250, acupuncture for personality disorders,268,19, https://www.ncbi.nlm.nih.gov/pmc/articles/PMC3660126/,318,,
251, acupuncture for peutz-jeghers syndrome,269,19, https://www.nutritionhouse.com/Library/WellnessItem.aspx?ID=62104,578,,
252, acupuncture for peutz-jeghers syndrome,269,19, https://www.ncbi.nlm.nih.gov/pmc/articles/PMC2642499/,154,,
253, acupuncture for pituitary disorders,271,19, https://www.ncbi.nlm.nih.gov/pmc/articles/PMC4177524/,239,,
254, acupuncture for poems syndrome,275,19, http://phoenixtools.org/alternative-therapy-tourette-syndrome/,21,,
255, acupuncture for polycystic ovary syndrome,277,19, https://www.ncbi.nlm.nih.gov/pmc/articles/PMC4012377/,121,,
256, acupuncture for polymyalgia rheumatica,279,19, https://healthunlocked.com/pmrgcauk/posts/133187926/natural-alternative-remedies-for-polymyalgia-rheumatica..for-my-82-yr-old-grandma,52,,
257, acupuncture for polymyalgia rheumatica (pmr),280,19, https://healthunlocked.com/pmrgcauk/posts/133187926/natural-alternative-remedies-for-polymyalgia-rheumatica..for-my-82-yr-old-grandma,52,,
258, acupuncture for polymyositis,281,19, https://report.nih.gov/NIHfactsheets/ViewFactSheet.aspx?csid=85,21,,
259, acupuncture for postmyocardial infarction syndrome,282,19, http://www.holisticonline.com/remedies/Heart/heart_attack_diet-nutrition.htm,54,,
260, acupuncture for postmyocardial infarction syndrome,282,19, https://www.hindawi.com/journals/ecam/2013/672097/,203,,
261, acupuncture for postpericardiotomy syndrome,283,19, https://www.ncbi.nlm.nih.gov/pmc/articles/PMC2642499/,159,,
262, acupuncture for postpericardiotomy syndrome,283,19, https://www.ncbi.nlm.nih.gov/pmc/articles/PMC2642499/,140,,
263, acupuncture for prediabetes,285,19, https://www.ncbi.nlm.nih.gov/pmc/articles/PMC3249697/,230,,
264, acupuncture for primary immunodeficiency,287,19, https://www.ncbi.nlm.nih.gov/pmc/articles/PMC3760022/,42,,
265, acupuncture for progressive inflammatory neuropathy,290,19, https://www.healthline.com/health/neuropathy-supplements,78,,
266, acupuncture for prostate cancer,291,19, https://www.cancer.gov/about-cancer/treatment/cam/patient/prostate-supplements-pdq,596,,
267, acupuncture for psoriasis,292,19, https://edzardernst.com/2018/09/alternative-therapies-for-psoriasis-a-poor-review-in-a-top-journal/,94,,
268, acupuncture for psoriatic arthritis,293,19, https://www.medicalnewstoday.com/articles/316926.php,68,,
269, acupuncture for psoriatic arthritis,293,19, https://www.medicalnewstoday.com/articles/316926.php,68,,
270, acupuncture for ptsd,295,19, https://www.ncbi.nlm.nih.gov/pmc/articles/PMC4177524/,243,,
271, acupuncture for raynaud's phenomenon,299,19, https://wholehealthchicago.com/2009/05/05/raynauds-disease/,74,,
272, acupuncture for raynaud's phenomenon,299,19, https://academic.oup.com/rheumatology/article/48/7/791/1788881,88,,
273, acupuncture for raynaudâ€™s phenomenon,298,19, https://wholehealthchicago.com/2009/05/05/raynauds-disease/,74,,
274, acupuncture for raynaudâ€™s phenomenon,298,19, https://academic.oup.com/rheumatology/article/48/7/791/1788881,88,,
275, acupuncture for repetitive strain injury,304,19, https://www.naturalhealthnews.uk/article/qa-repetitive-strain-injury/,53,,
276, acupuncture for repetitive strain injury,304,19, https://deeprecovery.com/how-to-treat-tendonitis/,79,,
277, acupuncture for restless leg syndrome,305,19, https://medicinesnaturally.com/restless-leg-syndrome-acupuncture-and-other-treatments/,47,,
278, acupuncture for retinoblastoma,306,19, https://report.nih.gov/NIHfactsheets/ViewFactSheet.aspx?csid=85,21,,
279, acupuncture for retroperitoneal fibrosis,307,19, https://www.betterhealth.vic.gov.au/health/conditionsandtreatments/retroperitoneal-fibrosis,26,,
280, acupuncture for rhematoid arthritis,308,19, https://curemyjointpain.com/alternative-treatments-for-rheumatoid-arthritis-in-hands/,99,,
281, acupuncture for rheumatoid arthritis,310,19, https://curemyjointpain.com/alternative-treatments-for-rheumatoid-arthritis-in-hands/,99,,
282, acupuncture for rheumatoid vasculitis,311,19, https://www.hopkinsarthritis.org/patient-corner/disease-management/ra-complementary-alternative-medicine/,60,,
283, acupuncture for sarcoidosis,313,19, https://www.inspire.com/groups/stop-sarcoidosis/discussion/alternative-therapies-12/,43,,
284, acupuncture for sarcoma,314,19, https://www.rightdiagnosis.com/s/soft_tissue_sarcoma/alternative.htm,87,,
285, acupuncture for sarcoma - kaposi,315,19, https://www.rightdiagnosis.com/s/soft_tissue_sarcoma/alternative.htm,87,,
286, acupuncture for schizophrenia,316,19, http://www.schizophrenia.com/treatments.php,89,,
287, acupuncture for schnitzler syndrome,317,19, https://www.ncbi.nlm.nih.gov/pmc/articles/PMC2642499/,157,,
288, acupuncture for scleroderma,318,19, https://www.doctorshealthpress.com/skin-care-articles/alternative-treatments-scleroderma/,56,,
289, acupuncture for short bowel syndrome,319,19, https://www.ncbi.nlm.nih.gov/pmc/articles/PMC4433664/,218,,
290, acupuncture for skin cancer,322,19, https://www.mayoclinic.org/diseases-conditions/cancer/in-depth/cancer-treatment/art-20047246,99,,
291, acupuncture for small intestine cancer,323,19, https://www.mayoclinic.org/diseases-conditions/cancer/in-depth/cancer-treatment/art-20047246,99,,
292, acupuncture for stiff person syndrome,324,19, https://msfrontiers.org/alternative-therapies,29,,
293, acupuncture for stress response syndromes,326,19, https://articles.mercola.com/sites/articles/archive/2015/04/27/10-stress-relieving-superfoods.aspx,117,,
294, acupuncture for stress response syndromes,326,19, https://www.ncbi.nlm.nih.gov/pmc/articles/PMC4177524/,241,,
295, acupuncture for subacute bacterial endocarditis,327,19, https://draxe.com/endocarditis/,74,,
296, acupuncture for subacute bacterial endocarditis,327,19, http://pennstatehershey.adam.com/content.aspx?productId=107&pid=33&gid=000057,76,,
297, acupuncture for susac's syndrome,328,19, https://www.ncbi.nlm.nih.gov/pmc/articles/PMC2642499/,154,,
298, acupuncture for systemic lupus erythematosus,331,19, https://www.ncbi.nlm.nih.gov/pmc/articles/PMC3898893/,191,,
299, acupuncture for systemic lupus erythematosus,331,19, https://www.lupusuk.org.uk/medical/gp-guide/treatment-of-lupus/complementary-medicine/,192,,
300, acupuncture for systemic lupus erythematosus (sle),332,19, https://preventivehealthadvisor.com/systemic-lupus-erythematosus/,77,,
301, acupuncture for systemic lupus erythematosus (sle),332,19, https://www.ncbi.nlm.nih.gov/pmc/articles/PMC3898893/,200,,
302, acupuncture for systemic scleroderma,333,19, https://www.doctorshealthpress.com/skin-care-articles/alternative-treatments-scleroderma/,56,,
303, acupuncture for thyroid cancer,337,19, https://www.ncbi.nlm.nih.gov/pmc/articles/PMC3783927/,41,,
304, acupuncture for thyroid cancer,337,19, https://www.ncbi.nlm.nih.gov/pmc/articles/PMC3783927/,41,,
305, acupuncture for thyroid diseases,339,19, https://link.springer.com/chapter/10.1007/978-1-4939-3314-3_69,51,,
306, acupuncture for thyroid nodules,340,19, https://stopthethyroidmadness.com/2014/08/02/case-missing-thyroid-nodules/,348,,
307, acupuncture for thyroiditis,341,19, https://link.springer.com/chapter/10.1007/978-1-4939-3314-3_69,51,,
308, acupuncture for tolosa-hunt syndrome,342,19, https://rarediseases.org/rare-diseases/tolosa-hunt-syndrome/,3,,
309, acupuncture for tolosa-hunt syndrome,342,19, https://www.ncbi.nlm.nih.gov/pmc/articles/PMC2642499/,153,,
310, acupuncture for transverse myelitis,343,19, http://drnissani.net/MNISSANI/SE/RossiTM.htm,803,,
311, acupuncture for transverse myelitis,343,19, https://www.healthtap.com/topics/alternative-treatments-for-transverse-myelitis,14,,
312, acupuncture for turner syndrome,344,19, https://www.ncbi.nlm.nih.gov/pmc/articles/PMC2642499/,157,,
313, acupuncture for type 1 diabetes,345,19, https://www.medicalnewstoday.com/articles/317051.php,98,,
314, acupuncture for type 1 diabetes,345,19, https://www.ncbi.nlm.nih.gov/pmc/articles/PMC3249697/,235,,
315, acupuncture for type 2 diabetes,346,19, https://www.ncbi.nlm.nih.gov/pmc/articles/PMC3249697/,232,,
316, acupuncture for undifferentiated connective tissue disease,349,19, https://www.inspire.com/groups/autoimmune-diseases/discussion/undifferentiated-connective-tissue-disease/,64,,
317, acupuncture for urticaria,350,19, https://draxe.com/hives-treatment/,51,,
318, acupuncture for urticaria,350,19, https://www.medhelp.org/posts/Alternative-Therapies-/hives/show/1632252,42,,
319, acupuncture for uterine (endometrial) cancer,352,19, https://www.rightdiagnosis.com/u/uterine_cancer/alternative.htm,86,,
320, acupuncture for vaginal cancer,353,19, https://www.ncbi.nlm.nih.gov/pmc/articles/PMC4332115/,215,,
321, acupuncture for vascular disease,354,19, https://www.ncbi.nlm.nih.gov/pmc/articles/PMC3654705/,239,,
322, acupuncture for whipple disease,358,19, https://www.ncbi.nlm.nih.gov/pmc/articles/PMC4712627/,263,,
323, acupuncture for zollinger-ellison syndrome,360,19, https://www.ncbi.nlm.nih.gov/pmc/articles/PMC2642499/,165,,
324, adrenal extract for essential mixed cryoglobulinemia,122,23, https://www.nutritionhouse.com/Library/WellnessItem.aspx?ID=64374,155,,
325, adrenal extract for gonococcal arthritis,141,23, https://www.healthline.com/health/rheumatoid-arthritis/ultimate-guide-herbs-vitamins-supplements,195,,
326, adrenal extract for rhematoid arthritis,308,23, https://www.healthline.com/health/rheumatoid-arthritis/ultimate-guide-herbs-vitamins-supplements,195,,
327, agar for birt hogg dube syndrome,62,27, https://www.bhdsyndrome.org/topics/bhd-research-blog/page/16/,12,,
328, agar for complex regional pain syndrome,87,27, http://www.herbalremedies.com/rsd.html,600,,
329, agar for follicular thyroid cancer,127,27, https://www.thyca.org/pap-fol/lowiodinediet/,318,,
330, agar for gastritis,132,27, https://www.ncbi.nlm.nih.gov/pmc/articles/PMC3925854/,215,,
331, agar for gastritis,132,27, https://www.ncbi.nlm.nih.gov/pmc/articles/PMC3925854/,215,,
332, agar for inguinal hernia,172,27, http://www.herbalremedies.com/hernia1.html,586,,
333, agar for rheumatic fever,309,27, http://www.herbalremedies.com/rheumaticfever.html,604,,
334, agar for rheumatic fever,309,27, http://www.herbalremedies.com/rheumaticfever.html,604,,
335, agar for wilms' tumor ,359,27, https://link.springer.com/article/10.1007/s00467-013-2501-0,16,,
336, agave for complex regional pain syndrome,87,29, http://www.herbalremedies.com/rsd.html,600,,
337, agave for gout,143,29, https://www.healthline.com/nutrition/best-diet-for-gout,166,,
338, agave for inguinal hernia,172,29, http://www.herbalremedies.com/hernia1.html,586,,
339, agave for rheumatic fever,309,29, http://www.herbalremedies.com/rheumaticfever.html,604,,
340, agave for rheumatic fever,309,29, http://www.herbalremedies.com/rheumaticfever.html,604,,
341, agrimony for carpal tunnel syndrome,75,30, https://www.realnatural.org/natural-remedies-carpal-tunnel-syndrome/,105,,
342, agrimony for complex regional pain syndrome,87,30, http://www.herbalremedies.com/rsd.html,600,,
343, agrimony for cyclic vomiting syndrome,95,30, http://www.natural-homeremedies.com/5-herbal-remedies-for-cyclic-vomiting-syndrome/,54,,
344, agrimony for diarrhea,103,30, https://www.stlukes-stl.com/health-content/medicine/33/000050.htm,122,,
345, agrimony for inguinal hernia,172,30, http://www.herbalremedies.com/hernia1.html,586,,
346, agrimony for multiple sclerosis,229,30, https://www.healthline.com/health/multiple-sclerosis/going-herbal-vitamins-and-supplements-for-multiple-sclerosis,216,,
347, agrimony for rheumatic fever,309,30, http://www.herbalremedies.com/rheumaticfever.html,604,,
348, agrimony for rheumatic fever,309,30, http://www.herbalremedies.com/rheumaticfever.html,604,,
349, ahcc for anal cancer,17,32, http://ahcchpv.com/,63,,
350, ahcc for barrett's esophagus,55,32, https://earthclinic.com/ailments/barretts-esophagus-remedies/,678,,
351, ahcc for barrett's esophagus,55,32, https://earthclinic.com/ailments/barretts-esophagus-remedies/,678,,
352, ahcc for cervical cancer,78,32, http://ahcchpv.com/vitamins-regimen-cervical-dysplasia-treatment/,102,,
353, ahcc for leukemia - chronic lymphocytic - cll,192,32, https://duckduckgo.com/?q=best+Supplements+for+leukemia+-+chronic+lymphocytic+-+cll+research&ia=web,11,,
354, ahcc for multiple myeloma,228,32, https://www.cancertutor.com/multiple-myeloma/,63,,
355, ahcc for osteosarcoma,248,32, http://nikkisstory.com/canine-osteosarcoma-treatment#axzz5ohLu5mx9,38,,
356, ahcc for rheumatic fever,309,32, http://www.herbalremedies.com/rheumaticfever.html,604,,
357, ahcc for rheumatic fever,309,32, http://www.herbalremedies.com/rheumaticfever.html,604,,
358, ahcc for sarcoma,314,32, https://www.cancercompass.com/message-board/message/all,21307,0.htm,35
359, ahcc for sarcoma - kaposi,315,32, https://www.cancercompass.com/message-board/message/all,21307,0.htm,35
360, alanine for acromegaly,3,34, https://www.dovepress.com/pasireotide-a-novel-treatment-for-patients-with-acromegaly-peer-reviewed-fulltext-article-DDDT,16,,
361, alanine for anti-n-methyl-d-aspartate receptor encephalitis,25,34, https://nnjournal.net/article/view/69,10,,
362, alanine for autoimmune pancreatitis,43,34, https://beatingpancreatitis.com/pancreatitis-supplements-for-pancreas-healing/,1880,,
363, alanine for complex regional pain syndrome,87,34, http://www.herbalremedies.com/rsd.html,600,,
364, alanine for epidermolysis bullosa acquisita,119,34, https://www.researchgate.net/publication/242016344_Metabolite_analysis_distinguishes_between_mice_with_epidermolysis_bullosa_acquisita_and_healthy_mice,67,,
365, alanine for growth disorders,147,34, https://www.healthline.com/nutrition/supplements-for-muscle-gain,61,,
366, alanine for inguinal hernia,172,34, http://www.herbalremedies.com/hernia1.html,586,,
367, alanine for pancreatitis,254,34, https://beatingpancreatitis.com/pancreatitis-supplements-for-pancreas-healing/,1880,,
368, alanine for primary biliary cirrhosis,286,34, https://www.ncbi.nlm.nih.gov/pmc/articles/PMC5124714/,39,,
369, alanine for prostate cancer,291,34, https://www.cancer.gov/about-cancer/treatment/cam/hp/prostate-supplements-pdq,1543,,
370, alanine for rheumatic fever,309,34, http://www.herbalremedies.com/rheumaticfever.html,604,,
371, alanine for rheumatic fever,309,34, http://www.herbalremedies.com/rheumaticfever.html,604,,
372, alanine for schizophrenia,316,34, http://www.schizophrenia.com/treatments.php,89,,
373, alanine for small intestine cancer,323,34, https://www.mskcc.org/cancer-care/integrative-medicine/herbs/turmeric,183,,
374, alanine for type 2 diabetes,346,34, https://www.ncbi.nlm.nih.gov/pmc/articles/PMC2410097/,129,,
375, alexander technique for back pain,53,40, https://www.daocloud.com/back-pain/holistic-therapies-for-back-pain,88,,
376, alexander technique for cardiovascular disease,73,40, https://www.ncbi.nlm.nih.gov/pmc/articles/PMC3654705/,239,,
377, alexander technique for carditis,74,40, https://www.hindawi.com/journals/ecam/2013/672097/,203,,
378, alexander technique for coronary artery disease,89,40, https://www.ncbi.nlm.nih.gov/pmc/articles/PMC3654705/,245,,
379, alexander technique for cushing's syndrome,94,40, http://cushings-help.com/treatments-altermative.htm,112,,
380, alexander technique for pituitary disorders,271,40, https://www.ncbi.nlm.nih.gov/pmc/articles/PMC4177524/,239,,
381, alexander technique for postmyocardial infarction syndrome,282,40, https://www.hindawi.com/journals/ecam/2013/672097/,203,,
382, alexander technique for psoriasis,292,40, https://edzardernst.com/2018/09/alternative-therapies-for-psoriasis-a-poor-review-in-a-top-journal/,94,,
383, alexander technique for ptsd,295,40, https://www.ncbi.nlm.nih.gov/pmc/articles/PMC4177524/,243,,
384, alexander technique for repetitive strain injury,304,40, https://www.naturalhealthnews.uk/article/qa-repetitive-strain-injury/,53,,
385, alexander technique for retroperitoneal fibrosis,307,40, https://www.betterhealth.vic.gov.au/health/conditionsandtreatments/retroperitoneal-fibrosis,26,,
386, alexander technique for stress response syndromes,326,40, https://www.ncbi.nlm.nih.gov/pmc/articles/PMC4177524/,241,,
387, alexander technique for vascular disease,354,40, https://www.ncbi.nlm.nih.gov/pmc/articles/PMC3654705/,239,,
388, alfalfa for adiposis dolorosa,9,42, http://naturecures.co.uk/dercumsdisease.htm,210,,
389, alfalfa for adiposis dolorosa,9,42, http://naturecures.co.uk/dercumsdisease.htm,210,,
390, alfalfa for adult-onset still's disease,14,42, https://www.organicfacts.net/home-remedies/adult-stills-disease.html,47,,
391, alfalfa for angina,20,42, https://www.rightdiagnosis.com/a/angina/alternative.htm,90,,
392, alfalfa for autoimmune retinopathy,48,42, https://www.lupusuk.org.uk/medical/gp-guide/treatment-of-lupus/complementary-medicine/,192,,
393, alfalfa for autoimmune thrombocytopenic purpura,49,42, https://earthclinic.com/ailments/itp/,115,,
394, alfalfa for carpal tunnel syndrome,75,42, https://www.realnatural.org/natural-remedies-carpal-tunnel-syndrome/,105,,
395, alfalfa for complex regional pain syndrome,87,42, http://www.herbalremedies.com/rsd.html,600,,
396, alfalfa for discoid lupus erythematosus,105,42, http://raysahelian.com/lupus.html,123,,
397, alfalfa for discoid lupus erythematosus,105,42, https://chiro.org/nutrition/ABSTRACTS/Natural_Medicine_and_Lupus.shtml,197,,
398, alfalfa for inguinal hernia,172,42, http://www.herbalremedies.com/hernia1.html,586,,
399, alfalfa for lupus nephritis,205,42, https://duckduckgo.com/?q=Research+in+Food%20and%20Drinks+for+lupus%20nephritis&ia=web,15,,
400, alfalfa for lupus vasculitis,206,42, https://duckduckgo.com/?q=Research+in+Food%20and%20Drinks+for+lupus%20vasculitis&ia=web,19,,
401, alfalfa for mooren's ulcer,225,42, https://www.doctorshealthpress.com/food-and-nutrition-articles/diet-for-gastritis/,198,,
402, alfalfa for osteosarcoma,248,42, https://nutrition.tripawds.com/2009/12/10/jerrys-canine-cancer-diet-and-supplements/,87,,
403, alfalfa for penile cancer,264,42, https://www.cancersupportcommunity.org/diet-nutrition-during-cancer-treatment,10,,
404, alfalfa for pituitary disorders,271,42, http://www.infobarrel.com/Supplements_for_the_Pituitary_Gland,127,,
405, alfalfa for repetitive strain injury,304,42, https://www.naturalhealthnews.uk/article/qa-repetitive-strain-injury/,53,,
406, alfalfa for rheumatic fever,309,42, http://www.herbalremedies.com/rheumaticfever.html,604,,
407, alfalfa for rheumatic fever,309,42, http://www.herbalremedies.com/rheumaticfever.html,604,,
408, alfalfa for rheumatoid arthritis,310,42, https://www.arthritis-relief-naturally.com/rheumatoid-arthritis-research.html,249,,
409, alfalfa for systemic lupus erythematosus,331,42, https://www.lupusuk.org.uk/medical/gp-guide/treatment-of-lupus/complementary-medicine/,192,,
410, alfalfa for systemic lupus erythematosus (sle),332,42, https://preventivehealthadvisor.com/systemic-lupus-erythematosus/,77,,
411, alfalfa for transverse myelitis,343,42, http://drnissani.net/MNISSANI/SE/RossiTM.htm,803,,
412, alfalfa seeds for autoimmune retinopathy,48,43, https://www.lupusuk.org.uk/medical/gp-guide/treatment-of-lupus/complementary-medicine/,192,,
413, alfalfa seeds for discoid lupus erythematosus,105,43, https://chiro.org/nutrition/ABSTRACTS/Natural_Medicine_and_Lupus.shtml,197,,
414, alfalfa seeds for systemic lupus erythematosus,331,43, https://www.lupusuk.org.uk/medical/gp-guide/treatment-of-lupus/complementary-medicine/,192,,
415, alfalfa seeds for systemic lupus erythematosus (sle),332,43, https://preventivehealthadvisor.com/systemic-lupus-erythematosus/,77,,
417, aloe for abdominal adhesions,1,47, https://healthfully.com/1011994-alternative-medicine-ibs.html,47,,
418, aloe for acid reflux (ger & gerd) ,2,47, https://draxe.com/acid-reflux-diet/,155,,
419, aloe for acute motor axonal neuropathy,5,47, https://draxe.com/guillain-barre-syndrome/,63,,
420, aloe for adult-onset still's disease,14,47, https://www.organicfacts.net/home-remedies/adult-stills-disease.html,47,,
421, aloe for alopecia areata,15,47, https://draxe.com/vitamins-for-hair-growth/,161,,
422, aloe for anatomic problems of the lower gi tract,19,47, http://www.thehealersjournal.com/2013/06/24/5-powerful-herbs-and-foods-for-healing-your-digestive-tract/,59,,
423, aloe for appendicitis,30,47, https://www.top10homeremedies.com/home-remedies/home-remedies-for-appendicitis.html,116,,
424, aloe for autoimmune hemolytic anemia,36,47, https://www.dogfoodadvisor.com/forums/topic/hemolytic-anemia/,59,,
425, aloe for autoimmune hemolytic anemia,36,47, https://www.dogfoodadvisor.com/forums/topic/hemolytic-anemia/,59,,
426, aloe for autoimmune lymphoproliferative syndrome,39,47, https://holisticthyroidcare.net/irritable-bowel-syndrome-ibs/,82,,
427, aloe for autoimmune pancreatitis,43,47, https://beatingpancreatitis.com/pancreatitis-supplements-for-pancreas-healing/,1880,,
428, aloe for autoimmune thrombocytopenic purpura,49,47, https://earthclinic.com/ailments/itp/,115,,
429, aloe for autoimmune thyroiditis,50,47, https://www.restartmed.com/best-supplements-hashimotos/,232,,
430, aloe for autoimmune urticaria,51,47, http://blog.invitehealth.com/endless-itch-dealing-chronic-hives/,82,,
431, aloe for balo concentric sclerosis,54,47, https://www.curezone.org/forums/fm.asp?i=2316215,81,,
432, aloe for barrett's esophagus,55,47, https://earthclinic.com/ailments/barretts-esophagus-remedies/,678,,
433, aloe for barrett's esophagus,55,47, https://earthclinic.com/ailments/barretts-esophagus-remedies/,678,,
434, aloe for basal cell carcinoma,56,47, https://earthclinic.com/ailments/basal-cell-carcinoma-natural-remedies/,129,,
435, aloe for celiac disease,76,47, https://healthwyze.org/reports/148-curing-celiac-disease-using-holistic-naturopathic-techniques,149,,
436, aloe for celiac disease,76,47, https://healthwyze.org/reports/148-curing-celiac-disease-using-holistic-naturopathic-techniques,149,,
437, aloe for chronic fatigue syndrome,79,47, https://www.ncbi.nlm.nih.gov/pmc/articles/PMC3201900/,120,,
438, aloe for chronic inflammatory demyelinating polyneuropathy,80,47, https://www.livestrong.com/article/556834-the-best-diet-for-cidp/,21,,
439, aloe for chronic inflammatory demyelinating polyneuropathy,80,47, https://www.livestrong.com/article/556834-the-best-diet-for-cidp/,21,,
440, aloe for complex regional pain syndrome,87,47, http://www.herbalremedies.com/rsd.html,600,,
441, aloe for constipation,88,47, https://www.ncbi.nlm.nih.gov/pmc/articles/PMC4433664/,221,,
442, aloe for crohn's disease,92,47, https://www.ampfloracel.com/blog/crohns-disease-symptoms-causes-relief/,111,,
443, aloe for crohn's disease,92,47, https://www.ampfloracel.com/blog/crohns-disease-symptoms-causes-relief/,111,,
444, aloe for dermatitis herpetiformis,99,47, https://www.celiac.com/forums/topic/72508-natural-remedies-for-dh/,72,,
445, aloe for dermatitis herpetiformis,99,47, https://www.celiac.com/forums/topic/72508-natural-remedies-for-dh/,72,,
446, aloe for diabetes,101,47, https://www.medicalnewstoday.com/articles/317051.php,98,,
447, aloe for diverticulitis,107,47, http://listentoyourgut.com/symptoms/7/diverticulitis.html,95,,
448, aloe for diverticulosis ,108,47, http://listentoyourgut.com/symptoms/7/diverticulitis.html,94,,
449, aloe for diverticulosis ,108,47, http://listentoyourgut.com/symptoms/7/diverticulitis.html,92,,
450, aloe for ehlers-danlos syndrome (eds),112,47, https://www.inspire.com/groups/ehlers-danlos-syndromes-and-related-disorders/discussion/best-diet-for-eds/,97,,
451, aloe for ehlers-danlos syndrome (eds),112,47, https://earthclinic.com/ailments/ehlers-danlos-syndrome/,82,,
452, aloe for ehlers-danlos syndrome (eds),112,47, https://earthclinic.com/ailments/ehlers-danlos-syndrome/,82,,
453, aloe for endometrial cancer,113,47, https://thetruthaboutcancer.com/medicinal-mushrooms-cancer/,172,,
454, aloe for eosinophilic esophagitis,117,47, http://drlisawatson.com/eosinophilic-esophagitis,49,,
455, aloe for erythema nodosum,120,47, http://slu.adam.com/content.aspx?productId=107&pid=33&gid=000154,89,,
456, aloe for erythema nodosum,120,47, http://slu.adam.com/content.aspx?productId=107&pid=33&gid=000154,89,,
457, aloe for erythema nodosum,120,47, http://slu.adam.com/content.aspx?productId=107&pid=33&gid=000154,89,,
458, aloe for gallstones,129,47, https://www.top10homeremedies.com/home-remedies/home-remedies-gallstones.html,400,,
459, aloe for gastritis,132,47, https://universityhealthnews.com/daily/digestive-health/gastritis-diet-healing-the-inside-from-the-outside/,438,,
460, aloe for gastritis,132,47, https://universityhealthnews.com/daily/digestive-health/gastritis-diet-healing-the-inside-from-the-outside/,438,,
461, aloe for gestational diabetes,136,47, https://www.medicalnewstoday.com/articles/317051.php,98,,
462, aloe for gestational pemphigoid,137,47, https://www.medicalnewstoday.com/articles/317051.php,98,,
463, aloe for gi bleeding,138,47, https://www.allaboutdiabetes.net/herbal-cure-for-gastrointestinal-bleeding/,39,,
464, aloe for gi bleeding,138,47, https://www.ncbi.nlm.nih.gov/pmc/articles/PMC3271691/,158,,
465, aloe for goiters,140,47, https://www.top10homeremedies.com/home-remedies/home-remedies-goiter.html,123,,
466, aloe for gout,143,47, https://www.bodyandbeans.com/best-foods-to-cure-uric-acid-permanently/,172,,
467, aloe for graves' disease,144,47, https://www.restartmed.com/graves-disease-diet/,104,,
468, aloe for graves' disease,144,47, http://gravesdiseasecure.com/tag/alternative-treatments-for-graves-disease/,36,,
469, aloe for hashimoto thyroiditis,150,47, https://duckduckgo.com/?q=best+Alternative+Therapies+for+hashimoto+thyroiditis+research&ia=web,10,,
470, aloe for hemorrhoids,156,47, https://duckduckgo.com/?q=best+Supplements+for+hemorrhoids+research&ia=web,11,,
471, aloe for hemorrhoids,156,47, https://duckduckgo.com/?q=best+Alternative%20Therapies+for+hemorrhoids+research&ia=web,12,,
472, aloe for hidradenitis suppurativa,159,47, https://duckduckgo.com/?q=best+Alternative%20Therapies+for+hidradenitis%20suppurativa+research&ia=web,9,,
473, aloe for indigestion (dyspepsia),170,47, https://www.healthline.com/health/gerd/beverages,129,,
474, aloe for indigestion (dyspepsia),170,47, https://draxe.com/acid-reflux-diet/,155,,
475, aloe for inflamatory bowel disease (ibd),171,47, https://www.ncbi.nlm.nih.gov/pmc/articles/PMC4367210/,180,,
476, aloe for inflamatory bowel disease (ibd),171,47, https://www.ncbi.nlm.nih.gov/pmc/articles/PMC4138959/,247,,
477, aloe for inguinal hernia,172,47, http://www.herbalremedies.com/hernia1.html,586,,
478, aloe for interstitial cystitis,174,47, https://www.pelvicsanity.com/single-post/2017/06/01/The-Best-Supplements-for-Interstitial-Cystitis,24,,
479, aloe for intestinal pseudo-obstruction,175,47, https://duckduckgo.com/?q=best+Supplements+for+intestinal%20pseudo-obstruction+research&ia=web,14,,
480, aloe for lichen planus,195,47, https://duckduckgo.com/?q=best+Alternative%20Therapies+for+lichen%20planus+research&ia=web,5,,
481, aloe for mooren's ulcer,225,47, https://www.ncbi.nlm.nih.gov/pmc/articles/PMC3495394/,164,,
482, aloe for neuroendocrine tumor,235,47, https://howtocure.com/treat-neuroendocrine-tumour/,48,,
483, aloe for neuromyotonia,237,47, https://www.ncbi.nlm.nih.gov/pmc/articles/PMC2687850/,92,,
484, aloe for optic neuritis,241,47, https://www.medindia.net/homeremedies/optic-neuritis.asp,128,,
485, aloe for pancreatitis,254,47, https://beatingpancreatitis.com/pancreatitis-supplements-for-pancreas-healing/,1880,,
486, aloe for peutz-jeghers syndrome,269,47, https://www.nutritionhouse.com/Library/WellnessItem.aspx?ID=62104,578,,
487, aloe for polycystic ovary syndrome,277,47, https://www.ncbi.nlm.nih.gov/pmc/articles/PMC4012377/,121,,
488, aloe for primary immunodeficiency,287,47, https://www.ncbi.nlm.nih.gov/pmc/articles/PMC3760022/,42,,
489, aloe for proctitis,289,47, https://www.ncbi.nlm.nih.gov/pmc/articles/PMC3271691/,141,,
490, aloe for proctitis,289,47, https://www.ncbi.nlm.nih.gov/pmc/articles/PMC3271691/,141,,
491, aloe for psoriatic arthritis,293,47, https://www.medicalnewstoday.com/articles/316926.php,68,,
492, aloe for psoriatic arthritis,293,47, https://www.medicalnewstoday.com/articles/316926.php,68,,
493, aloe for rheumatic fever,309,47, http://www.herbalremedies.com/rheumaticfever.html,604,,
494, aloe for rheumatic fever,309,47, http://www.herbalremedies.com/rheumaticfever.html,604,,
495, aloe for short bowel syndrome,319,47, https://www.ncbi.nlm.nih.gov/pmc/articles/PMC4433664/,218,,
496, aloe for systemic lupus erythematosus (sle),332,47, https://preventivehealthadvisor.com/systemic-lupus-erythematosus/,77,,
497, aloe for transverse myelitis,343,47, http://drnissani.net/MNISSANI/SE/RossiTM.htm,803,,
498, aloe for type 1 diabetes,345,47, https://www.medicalnewstoday.com/articles/317051.php,98,,
499, aloe for ulcerative colitis,347,47, https://www.homenaturalcures.com/ulcerative-colitis-natural-treatment-home-remedy/,117,,
500, aloe for ulcerative colitis,347,47, https://www.ncbi.nlm.nih.gov/pmc/articles/PMC3271691/,146,,
501, aloe for ulcerative colitis,347,47, https://www.homenaturalcures.com/ulcerative-colitis-natural-treatment-home-remedy/,117,,
502, aloe for ulcerative colitis,347,47, https://www.ncbi.nlm.nih.gov/pmc/articles/PMC3271691/,150,,
503, aloe for urticaria,350,47, https://draxe.com/hives-treatment/,51,,
504, aloe for vitiligo,357,47, https://draxe.com/vitiligo-treatment/,114,,
505, alpinia for indigestion (dyspepsia),170,57, https://www.ncbi.nlm.nih.gov/pmc/articles/PMC4698144/,127,,
506, amaranth for behcet's syndrome,58,58, https://draxe.com/behcets-disease/,48,,
507, amaranth for celiac disease,76,58, http://vkool.com/foods-for-celiac-disease/,243,,
508, amaranth for celiac disease,76,58, http://vkool.com/foods-for-celiac-disease/,243,,
509, amaranth for churg-strauss syndrome,81,58, https://www.vasculitisfoundation.org/mcm_article/eating-to-beat-inflammation/,161,,
510, amaranth for giant cell arteritis,139,58, https://www.vasculitisfoundation.org/mcm_article/eating-to-beat-inflammation/,161,,
511, amaranth for goiters,140,58, https://traditionalcookingschool.com/health-and-nutrition/foods-making-thyroid-sick/,295,,
512, amaranth for optic neuritis,241,58, https://www.medindia.net/homeremedies/optic-neuritis.asp,128,,
513, amaranth for polyarteritis nodosa,276,58, https://www.vasculitisfoundation.org/mcm_article/eating-to-beat-inflammation/,161,,
514, amaranth for schnitzler syndrome,317,58, https://www.healthline.com/nutrition/leaky-gut-diet,194,,
515, amaranth for sjogren's syndrome,321,58, https://www.newhealthadvisor.com/Sjogren's-Syndrome-Diet.html,95,,
516, amaranth for urticarial vasculitis,351,58, https://www.vasculitisfoundation.org/mcm_article/eating-to-beat-inflammation/,161,,
517, american ivy for complex regional pain syndrome,87,69, http://www.herbalremedies.com/rsd.html,600,,
518, american ivy for inguinal hernia,172,69, http://www.herbalremedies.com/hernia1.html,586,,
519, american ivy for rheumatic fever,309,69, http://www.herbalremedies.com/rheumaticfever.html,604,,
520, american ivy for rheumatic fever,309,69, http://www.herbalremedies.com/rheumaticfever.html,604,,
521, american pawpaw for peutz-jeghers syndrome,269,71, https://www.nutritionhouse.com/Library/WellnessItem.aspx?ID=62104,578,,
522, andiroba for complex regional pain syndrome,87,74, http://www.herbalremedies.com/rsd.html,600,,
523, andiroba for inguinal hernia,172,74, http://www.herbalremedies.com/hernia1.html,586,,
524, andiroba for rheumatic fever,309,74, http://www.herbalremedies.com/rheumaticfever.html,604,,
525, andiroba for rheumatic fever,309,74, http://www.herbalremedies.com/rheumaticfever.html,604,,
526, andrographis for autoimmune angioedema,33,77, http://www.raysahelian.com/autoimmunedisease.html,104,,
527, andrographis for autoimmune enteropathy,35,77, http://www.raysahelian.com/autoimmunedisease.html,104,,
528, andrographis for autoimmune enteropathy,35,77, http://www.raysahelian.com/autoimmunedisease.html,104,,
529, andrographis for autoimmune hemolytic anemia,36,77, http://www.raysahelian.com/autoimmunedisease.html,104,,
530, andrographis for autoimmune inner ear disease,38,77, http://www.raysahelian.com/autoimmunedisease.html,104,,
531, andrographis for autoimmune inner ear disease,38,77, http://www.raysahelian.com/autoimmunedisease.html,104,,
532, andrographis for autoimmune lymphoproliferative syndrome,39,77, http://www.raysahelian.com/autoimmunedisease.html,104,,
533, andrographis for autoimmune neutropenia,40,77, http://www.raysahelian.com/autoimmunedisease.html,104,,
534, andrographis for autoimmune neutropenia,40,77, http://www.raysahelian.com/autoimmunedisease.html,104,,
535, andrographis for autoimmune oophoritis,41,77, http://www.raysahelian.com/autoimmunedisease.html,104,,
536, andrographis for autoimmune orchitis,42,77, http://www.raysahelian.com/autoimmunedisease.html,104,,
537, andrographis for autoimmune orchitis,42,77, http://www.raysahelian.com/autoimmunedisease.html,104,,
538, andrographis for autoimmune polyendocrine syndrome,44,77, http://www.raysahelian.com/autoimmunedisease.html,104,,
539, andrographis for autoimmune polyendocrine syndrome,44,77, http://www.raysahelian.com/autoimmunedisease.html,104,,
540, andrographis for autoimmune polyendocrine syndrome type 3,46,77, http://www.raysahelian.com/autoimmunedisease.html,104,,
541, andrographis for autoimmune urticaria,51,77, http://www.raysahelian.com/autoimmunedisease.html,104,,
542, andrographis for autoimmune uveitis,52,77, http://www.raysahelian.com/autoimmunedisease.html,104,,
543, andrographis for balo concentric sclerosis,54,77, http://www.raysahelian.com/multiplesclerosis.html,112,,
544, andrographis for complex regional pain syndrome,87,77, http://www.herbalremedies.com/rsd.html,600,,
545, andrographis for dermatomyositis,100,77, http://www.raysahelian.com/autoimmunedisease.html,104,,
546, andrographis for diverticulitis,107,77, https://www.dietvsdisease.org/diverticulitis-diet/,108,,
547, andrographis for diverticulitis,107,77, https://www.dietvsdisease.org/diverticulitis-diet/,108,,
548, andrographis for diverticulosis ,108,77, https://www.dietvsdisease.org/diverticulitis-diet/,108,,
549, andrographis for gastroparesis,135,77, https://www.dietvsdisease.org/best-diet-gastroparesis-delayed-gastric-emptying/,129,,
550, andrographis for inflamatory bowel disease (ibd),171,77, https://www.ncbi.nlm.nih.gov/pmc/articles/PMC4367210/,180,,
551, andrographis for inguinal hernia,172,77, http://www.herbalremedies.com/hernia1.html,586,,
552, andrographis for mixed connective tissue disease,223,77, http://www.raysahelian.com/autoimmunedisease.html,104,,
553, andrographis for mixed connective tissue disease,223,77, http://www.raysahelian.com/autoimmunedisease.html,104,,
554, andrographis for polymyositis,281,77, http://www.raysahelian.com/autoimmunedisease.html,104,,
555, andrographis for rheumatic fever,309,77, http://www.herbalremedies.com/rheumaticfever.html,604,,
556, andrographis for rheumatic fever,309,77, http://www.herbalremedies.com/rheumaticfever.html,604,,
557, andrographis for systemic lupus erythematosus (sle),332,77, https://preventivehealthadvisor.com/systemic-lupus-erythematosus/,77,,
558, androstenediol for discoid lupus erythematosus,105,78, https://chiro.org/nutrition/ABSTRACTS/Natural_Medicine_and_Lupus.shtml,197,,
559, androstenedione for discoid lupus erythematosus,105,79, https://chiro.org/nutrition/ABSTRACTS/Natural_Medicine_and_Lupus.shtml,197,,
560, androstenedione for sjogren's syndrome,321,79, http://www.raysahelian.com/sjogrens.html,67,,
561, androstenedione for sjogren's syndrome,321,79, http://www.raysahelian.com/sjogrens.html,67,,
562, androstenedione for testicular cancer,334,79, https://examine.com/nutrition/do-muscle-building-supplements-cause-testicular-cancer-a-deeper-look-at-the-latest-study-on-mbs-usage-and-testicular-cancer/,34,,
563, angelica for adiposis dolorosa,9,81, http://naturecures.co.uk/dercumsdisease.htm,210,,
564, angelica for adiposis dolorosa,9,81, http://naturecures.co.uk/dercumsdisease.htm,210,,
565, angelica for autoimmune retinopathy,48,81, https://www.lupusuk.org.uk/medical/gp-guide/treatment-of-lupus/complementary-medicine/,192,,
566, angelica for complex regional pain syndrome,87,81, http://www.herbalremedies.com/rsd.html,600,,
567, angelica for discoid lupus erythematosus,105,81, https://chiro.org/nutrition/ABSTRACTS/Natural_Medicine_and_Lupus.shtml,197,,
568, angelica for endometriosis,114,81, https://www.ncbi.nlm.nih.gov/pmc/articles/PMC3950373/,378,,
569, angelica for inguinal hernia,172,81, http://www.herbalremedies.com/hernia1.html,586,,
570, angelica for rheumatic fever,309,81, http://www.herbalremedies.com/rheumaticfever.html,604,,
571, angelica for rheumatic fever,309,81, http://www.herbalremedies.com/rheumaticfever.html,604,,
572, angelica for systemic lupus erythematosus,331,81, https://www.lupusuk.org.uk/medical/gp-guide/treatment-of-lupus/complementary-medicine/,192,,
573, angelica for transverse myelitis,343,81, http://drnissani.net/MNISSANI/SE/RossiTM.htm,803,,
574, anise for carpal tunnel syndrome,75,85, https://www.realnatural.org/natural-remedies-carpal-tunnel-syndrome/,105,,
575, anise for complex regional pain syndrome,87,85, http://www.herbalremedies.com/rsd.html,600,,
576, anise for indigestion (dyspepsia),170,85, https://www.ncbi.nlm.nih.gov/pmc/articles/PMC4698144/,127,,
577, anise for inguinal hernia,172,85, http://www.herbalremedies.com/hernia1.html,586,,
578, anise for rheumatic fever,309,85, http://www.herbalremedies.com/rheumaticfever.html,604,,
579, anise for rheumatic fever,309,85, http://www.herbalremedies.com/rheumaticfever.html,604,,
580, apitherapy for multiple sclerosis,229,87, https://www.healthline.com/health/multiple-sclerosis/going-herbal-vitamins-and-supplements-for-multiple-sclerosis,216,,
581, apple cider vinegar for acid reflux (ger & gerd) ,2,89, https://draxe.com/acid-reflux-diet/,155,,
582, apple for anatomic problems of the lower gi tract,19,88, https://nursekey.com/nutrition-for-patients-with-disorders-of-the-lower-gi-tract-and-accessory-organs/,389,,
583, apple cider vinegar for angina,20,89, https://www.rightdiagnosis.com/a/angina/alternative.htm,90,,
584, apple for ankylosing spondylitis,21,88, https://perfecthealthdiet.com/2014/01/curing-ankylosing-spondylitis/,238,,
585, apple for antisynthetase syndrome,27,88, https://www.pinterest.com/maggiehatch/antisynthetase-syndromeautoimmune-disease/,94,,
586, apple for autoimmune encephalitis,34,88, https://draxe.com/aip-diet/,78,,
587, apple for autoimmune hepatitis,37,88, https://www.homenaturalcures.com/autoimmune-hepatitis-natural-cure-remedy/,128,,
588, apple for autoimmune lymphoproliferative syndrome,39,88, https://holisticthyroidcare.net/irritable-bowel-syndrome-ibs/,82,,
589, apple juice for autoimmune pancreatitis,43,90, http://www.nutralegacy.com/blog/general-healthcare/7-best-foods-for-pancreatitis-diet/,187,,
590, apple cider vinegar for autoimmune pancreatitis,43,89, https://beatingpancreatitis.com/pancreatitis-supplements-for-pancreas-healing/,1880,,
591, apple cider vinegar for autoimmune pancreatitis,43,89, https://drjockers.com/pancreatitis/,191,,
592, apple cider vinegar for balo concentric sclerosis,54,89, https://www.curezone.org/forums/fm.asp?i=2316215,81,,
593, apple cider vinegar for barrett's esophagus,55,89, https://earthclinic.com/ailments/barretts-esophagus-remedies/,678,,
594, apple cider vinegar for barrett's esophagus,55,89, https://earthclinic.com/ailments/barretts-esophagus-remedies/,678,,
595, apple cider vinegar for basal cell carcinoma,56,89, https://earthclinic.com/ailments/basal-cell-carcinoma-natural-remedies/,129,,
596, apple cider vinegar for behcet's syndrome,58,89, https://www.homenaturalcures.com/behcets-disease-home-remedy/,84,,
597, apple cider vinegar for bipolar,61,89, http://ibpf.org/blog/how-food-changed-bipolar-disorder-me,154,,
598, apple cider vinegar for bipolar,61,89, https://www.ncbi.nlm.nih.gov/pmc/articles/PMC3660126/,316,,
599,apple cider vinegar for bone cancer,64,89, https://draxe.com/cancer-fighting-foods/,350,,
